i,T,Qmin
1,1.400000,25.0
2,1.400000,25.0
3,1.400000,25.0
4,1.400000,25.0
5,1.400000,25.0
6,1.400000,25.0
7,1.400000,25.0
8,1.400000,23.0
9,1.400000,23.0
10,1.400000,23.0
11,1.400000,23.0
12,1.400000,23.0
13,1.400000,23.0
14,1.400000,23.0
15,1.400000,23.0
16,1.400000,23.0
17,1.400000,22.0
18,1.400000,22.0
19,1.400000,22.0
20,1.400000,22.0
21,1.400000,22.0
22,1.400000,22.0
23,1.400000,22.0
24,1.400000,22.0
25,1.400000,22.0
26,1.400000,22.0
27,1.400000,22.0
28,1.400000,22.0
29,1.400000,22.0
30,1.400000,22.0
31,1.400000,22.0
32,1.400000,22.0
33,1.400000,21.0
34,1.400000,21.0
35,1.400000,21.0
36,1.400000,21.0
37,1.400000,21.0
38,1.400000,21.0
39,1.400000,21.0
40,1.400000,21.0
41,1.400000,21.0
42,1.400000,21.0
43,1.400000,21.0
44,1.400000,21.0
45,1.400000,21.0
46,1.400000,21.0
47,1.400000,21.0
48,1.400000,21.0
49,1.400000,21.0
50,1.400000,21.0
51,1.400000,21.0
52,1.400000,20.0
53,1.400000,20.0
54,1.400000,20.0
55,1.400000,20.0
56,1.400000,20.0
57,1.400000,20.0
58,1.400000,20.0
59,1.400000,20.0
60,1.400000,20.0
61,1.400000,20.0
62,1.400000,20.0
63,1.400000,20.0
64,1.400000,20.0
65,1.400000,20.0
66,1.400000,20.0
67,1.400000,20.0
68,1.400000,20.0
69,1.400000,20.0
70,1.400000,20.0
71,1.400000,20.0
72,1.400000,20.0
73,1.400000,20.0
74,1.400000,20.0
75,1.400000,20.0
76,1.400000,20.0
77,1.400000,20.0
78,1.400000,20.0
79,1.400000,20.0
80,1.400000,20.0
81,1.400000,20.0
82,1.400000,19.0
83,1.400000,19.0
84,1.400000,19.0
85,1.400000,19.0
86,1.400000,19.0
87,1.400000,19.0
88,1.400000,19.0
89,1.400000,19.0
90,1.400000,19.0
91,1.400000,19.0
92,1.400000,19.0
93,1.400000,19.0
94,1.400000,19.0
95,1.400000,19.0
96,1.400000,19.0
97,1.400000,19.0
98,1.400000,19.0
99,1.400000,19.0
100,1.400000,19.0
101,1.400000,19.0
102,1.400000,19.0
103,1.400000,19.0
104,1.400000,19.0
105,1.400000,19.0
106,1.400000,19.0
107,1.400000,19.0
108,1.400000,19.0
109,1.400000,19.0
110,1.400000,19.0
111,1.400000,19.0
112,1.400000,19.0
113,1.400000,19.0
114,1.400000,19.0
115,1.400000,19.0
116,1.400000,19.0
117,1.400000,19.0
118,1.400000,19.0
119,1.400000,19.0
120,1.400000,19.0
121,1.400000,19.0
122,1.400000,19.0
123,1.400000,19.0
124,1.400000,19.0
125,1.400000,19.0
126,1.400000,19.0
127,1.400000,19.0
128,1.400000,19.0
129,1.400000,19.0
130,1.400000,19.0
131,1.400000,19.0
132,1.400000,19.0
133,1.400000,19.0
134,1.400000,19.0
135,1.400000,19.0
136,1.400000,19.0
137,1.400000,19.0
138,1.400000,19.0
139,1.400000,19.0
140,1.400000,19.0
141,1.400000,19.0
142,1.400000,19.0
143,1.400000,19.0
144,1.400000,19.0
145,1.400000,19.0
146,1.400000,19.0
147,1.400000,19.0
148,1.400000,19.0
149,1.400000,19.0
150,1.400000,19.0
151,1.400000,19.0
152,1.400000,19.0
153,1.400000,19.0
154,1.400000,19.0
155,1.400000,19.0
156,1.400000,19.0
157,1.400000,19.0
158,1.400000,19.0
159,1.400000,19.0
160,1.400000,19.0
161,1.400000,19.0
162,1.400000,19.0
163,1.400000,19.0
164,1.400000,19.0
165,1.400000,19.0
166,1.400000,19.0
167,1.400000,19.0
168,1.400000,19.0
169,1.400000,19.0
170,1.400000,19.0
171,1.400000,19.0
172,1.400000,19.0
173,1.400000,19.0
174,1.400000,19.0
175,1.400000,19.0
176,1.400000,19.0
177,1.400000,19.0
178,1.400000,19.0
179,1.400000,19.0
180,1.400000,19.0
181,1.400000,19.0
182,1.400000,19.0
183,1.400000,19.0
184,1.400000,19.0
185,1.400000,19.0
186,1.400000,19.0
187,1.400000,19.0
188,1.400000,19.0
189,1.400000,19.0
190,1.400000,19.0
191,1.400000,19.0
192,1.400000,19.0
193,1.400000,19.0
194,1.400000,19.0
195,1.400000,19.0
196,1.400000,19.0
197,1.400000,19.0
198,1.400000,19.0
199,1.400000,19.0
200,1.400000,19.0
201,1.400000,19.0
202,1.400000,19.0
203,1.400000,19.0
204,1.400000,19.0
205,1.400000,19.0
206,1.400000,19.0
207,1.400000,19.0
208,1.400000,19.0
209,1.400000,19.0
210,1.400000,19.0
211,1.400000,19.0
212,1.400000,19.0
213,1.400000,19.0
214,1.400000,19.0
215,1.400000,19.0
216,1.400000,19.0
217,1.400000,19.0
218,1.400000,19.0
219,1.400000,19.0
220,1.400000,19.0
221,1.400000,19.0
222,1.400000,19.0
223,1.400000,19.0
224,1.400000,19.0
225,1.400000,19.0
226,1.400000,19.0
227,1.400000,19.0
228,1.400000,19.0
229,1.400000,19.0
230,1.400000,19.0
231,1.400000,19.0
232,1.400000,19.0
233,1.400000,19.0
234,1.400000,19.0
235,1.400000,19.0
236,1.400000,19.0
237,1.400000,19.0
238,1.400000,19.0
239,1.400000,19.0
240,1.400000,19.0
241,1.400000,19.0
242,1.400000,19.0
243,1.400000,19.0
244,1.400000,19.0
245,1.400000,19.0
246,1.400000,19.0
247,1.400000,19.0
248,1.400000,19.0
249,1.400000,19.0
250,1.400000,19.0
251,1.400000,19.0
252,1.400000,19.0
253,1.400000,19.0
254,1.400000,19.0
255,1.400000,19.0
256,1.400000,19.0
257,1.400000,19.0
258,1.400000,19.0
259,1.400000,19.0
260,1.400000,19.0
261,1.400000,19.0
262,1.400000,19.0
263,1.400000,19.0
264,1.400000,19.0
265,1.400000,19.0
266,1.400000,19.0
267,1.400000,19.0
268,1.400000,19.0
269,1.400000,19.0
270,1.400000,19.0
271,1.400000,19.0
272,1.400000,19.0
273,1.400000,19.0
274,1.386000,19.0
275,1.386000,19.0
276,1.386000,19.0
277,1.386000,19.0
278,1.386000,19.0
279,1.386000,19.0
280,1.386000,19.0
281,1.386000,19.0
282,1.386000,19.0
283,1.386000,19.0
284,1.386000,19.0
285,1.386000,19.0
286,1.386000,19.0
287,1.386000,19.0
288,1.386000,19.0
289,1.386000,19.0
290,1.386000,19.0
291,1.386000,19.0
292,1.386000,19.0
293,1.386000,19.0
294,1.386000,19.0
295,1.386000,19.0
296,1.386000,19.0
297,1.386000,19.0
298,1.386000,19.0
299,1.386000,19.0
300,1.386000,19.0
301,1.386000,19.0
302,1.386000,19.0
303,1.386000,19.0
304,1.386000,19.0
305,1.386000,19.0
306,1.386000,19.0
307,1.386000,19.0
308,1.386000,19.0
309,1.386000,19.0
310,1.386000,19.0
311,1.386000,19.0
312,1.386000,16.0
313,1.386000,16.0
314,1.386000,16.0
315,1.386000,16.0
316,1.386000,16.0
317,1.386000,16.0
318,1.386000,16.0
319,1.386000,16.0
320,1.386000,16.0
321,1.386000,16.0
322,1.386000,16.0
323,1.386000,16.0
324,1.386000,16.0
325,1.386000,16.0
326,1.386000,16.0
327,1.386000,16.0
328,1.386000,16.0
329,1.386000,16.0
330,1.386000,16.0
331,1.386000,16.0
332,1.386000,16.0
333,1.386000,16.0
334,1.386000,16.0
335,1.386000,16.0
336,1.386000,16.0
337,1.386000,16.0
338,1.386000,16.0
339,1.386000,16.0
340,1.386000,16.0
341,1.386000,16.0
342,1.386000,16.0
343,1.386000,16.0
344,1.386000,16.0
345,1.386000,16.0
346,1.386000,16.0
347,1.386000,16.0
348,1.386000,15.0
349,1.386000,15.0
350,1.386000,15.0
351,1.386000,15.0
352,1.386000,15.0
353,1.386000,15.0
354,1.386000,15.0
355,1.386000,15.0
356,1.386000,15.0
357,1.386000,15.0
358,1.386000,15.0
359,1.386000,15.0
360,1.386000,15.0
361,1.386000,15.0
362,1.386000,15.0
363,1.386000,15.0
364,1.386000,15.0
365,1.386000,15.0
366,1.386000,15.0
367,1.386000,15.0
368,1.386000,15.0
369,1.386000,15.0
370,1.386000,15.0
371,1.386000,15.0
372,1.386000,15.0
373,1.386000,15.0
374,1.386000,15.0
375,1.386000,15.0
376,1.386000,15.0
377,1.386000,15.0
378,1.386000,15.0
379,1.386000,15.0
380,1.386000,15.0
381,1.386000,15.0
382,1.386000,15.0
383,1.386000,15.0
384,1.386000,15.0
385,1.386000,15.0
386,1.386000,15.0
387,1.386000,15.0
388,1.386000,15.0
389,1.386000,15.0
390,1.386000,15.0
391,1.386000,15.0
392,1.386000,15.0
393,1.386000,15.0
394,1.386000,15.0
395,1.386000,15.0
396,1.386000,15.0
397,1.386000,15.0
398,1.386000,15.0
399,1.386000,15.0
400,1.386000,15.0
401,1.386000,15.0
402,1.386000,15.0
403,1.386000,15.0
404,1.386000,15.0
405,1.386000,15.0
406,1.386000,15.0
407,1.386000,15.0
408,1.386000,15.0
409,1.386000,15.0
410,1.386000,15.0
411,1.386000,15.0
412,1.386000,15.0
413,1.386000,15.0
414,1.386000,15.0
415,1.386000,15.0
416,1.386000,15.0
417,1.386000,15.0
418,1.386000,15.0
419,1.386000,15.0
420,1.386000,15.0
421,1.386000,15.0
422,1.386000,15.0
423,1.386000,15.0
424,1.386000,15.0
425,1.386000,15.0
426,1.386000,15.0
427,1.386000,15.0
428,1.386000,15.0
429,1.386000,15.0
430,1.386000,15.0
431,1.386000,15.0
432,1.386000,15.0
433,1.386000,15.0
434,1.386000,15.0
435,1.386000,15.0
436,1.386000,15.0
437,1.386000,15.0
438,1.386000,15.0
439,1.386000,15.0
440,1.386000,15.0
441,1.386000,15.0
442,1.386000,15.0
443,1.386000,15.0
444,1.386000,15.0
445,1.386000,15.0
446,1.386000,15.0
447,1.386000,15.0
448,1.386000,15.0
449,1.386000,15.0
450,1.386000,15.0
451,1.386000,15.0
452,1.386000,15.0
453,1.386000,15.0
454,1.386000,15.0
455,1.386000,15.0
456,1.386000,15.0
457,1.386000,15.0
458,1.386000,15.0
459,1.386000,15.0
460,1.386000,15.0
461,1.386000,15.0
462,1.386000,15.0
463,1.386000,15.0
464,1.386000,15.0
465,1.386000,15.0
466,1.386000,15.0
467,1.386000,15.0
468,1.386000,15.0
469,1.386000,15.0
470,1.386000,15.0
471,1.386000,15.0
472,1.386000,15.0
473,1.386000,15.0
474,1.386000,15.0
475,1.386000,15.0
476,1.386000,15.0
477,1.386000,15.0
478,1.386000,15.0
479,1.386000,15.0
480,1.386000,15.0
481,1.386000,15.0
482,1.386000,15.0
483,1.386000,15.0
484,1.386000,15.0
485,1.386000,15.0
486,1.386000,15.0
487,1.386000,15.0
488,1.386000,15.0
489,1.386000,15.0
490,1.386000,15.0
491,1.386000,15.0
492,1.386000,15.0
493,1.386000,15.0
494,1.386000,15.0
495,1.386000,15.0
496,1.386000,15.0
497,1.386000,15.0
498,1.386000,15.0
499,1.386000,15.0
500,1.386000,15.0
501,1.386000,15.0
502,1.386000,15.0
503,1.386000,15.0
504,1.386000,15.0
505,1.386000,15.0
506,1.386000,15.0
507,1.386000,15.0
508,1.386000,15.0
509,1.386000,15.0
510,1.386000,15.0
511,1.386000,15.0
512,1.386000,15.0
513,1.386000,15.0
514,1.386000,15.0
515,1.386000,15.0
516,1.386000,15.0
517,1.386000,15.0
518,1.386000,15.0
519,1.386000,15.0
520,1.386000,15.0
521,1.386000,15.0
522,1.386000,15.0
523,1.386000,15.0
524,1.386000,15.0
525,1.386000,15.0
526,1.386000,15.0
527,1.386000,15.0
528,1.386000,15.0
529,1.386000,15.0
530,1.386000,15.0
531,1.386000,15.0
532,1.386000,15.0
533,1.386000,15.0
534,1.386000,15.0
535,1.386000,15.0
536,1.386000,15.0
537,1.386000,15.0
538,1.386000,15.0
539,1.386000,15.0
540,1.386000,15.0
541,1.386000,15.0
542,1.386000,15.0
543,1.386000,15.0
544,1.386000,15.0
545,1.386000,15.0
546,1.386000,15.0
547,1.386000,15.0
548,1.386000,15.0
549,1.386000,15.0
550,1.386000,15.0
551,1.386000,15.0
552,1.386000,15.0
553,1.386000,15.0
554,1.386000,15.0
555,1.386000,15.0
556,1.386000,15.0
557,1.386000,15.0
558,1.386000,15.0
559,1.386000,15.0
560,1.386000,15.0
561,1.386000,15.0
562,1.386000,15.0
563,1.386000,15.0
564,1.386000,15.0
565,1.386000,15.0
566,1.386000,15.0
567,1.386000,15.0
568,1.386000,15.0
569,1.386000,15.0
570,1.386000,15.0
571,1.386000,15.0
572,1.386000,15.0
573,1.386000,15.0
574,1.386000,15.0
575,1.386000,15.0
576,1.386000,15.0
577,1.386000,15.0
578,1.386000,15.0
579,1.386000,15.0
580,1.386000,15.0
581,1.386000,15.0
582,1.386000,15.0
583,1.386000,15.0
584,1.386000,15.0
585,1.386000,15.0
586,1.386000,15.0
587,1.386000,15.0
588,1.386000,15.0
589,1.386000,15.0
590,1.386000,15.0
591,1.386000,15.0
592,1.386000,15.0
593,1.386000,15.0
594,1.386000,15.0
595,1.386000,15.0
596,1.386000,15.0
597,1.386000,15.0
598,1.386000,15.0
599,1.386000,15.0
600,1.386000,15.0
601,1.386000,15.0
602,1.386000,15.0
603,1.386000,15.0
604,1.386000,15.0
605,1.386000,15.0
606,1.386000,15.0
607,1.386000,15.0
608,1.386000,15.0
609,1.386000,15.0
610,1.386000,15.0
611,1.386000,15.0
612,1.386000,15.0
613,1.386000,15.0
614,1.372140,15.0
615,1.372140,15.0
616,1.372140,15.0
617,1.372140,15.0
618,1.372140,15.0
619,1.372140,15.0
620,1.372140,15.0
621,1.372140,15.0
622,1.372140,15.0
623,1.372140,15.0
624,1.372140,15.0
625,1.372140,15.0
626,1.372140,15.0
627,1.372140,15.0
628,1.372140,15.0
629,1.372140,15.0
630,1.372140,15.0
631,1.372140,15.0
632,1.372140,15.0
633,1.372140,15.0
634,1.372140,15.0
635,1.372140,15.0
636,1.372140,15.0
637,1.372140,15.0
638,1.372140,15.0
639,1.372140,15.0
640,1.372140,15.0
641,1.372140,15.0
642,1.372140,15.0
643,1.372140,15.0
644,1.372140,15.0
645,1.372140,15.0
646,1.372140,15.0
647,1.372140,15.0
648,1.372140,15.0
649,1.372140,15.0
650,1.372140,15.0
651,1.372140,15.0
652,1.372140,15.0
653,1.372140,15.0
654,1.372140,15.0
655,1.372140,15.0
656,1.372140,15.0
657,1.372140,15.0
658,1.372140,15.0
659,1.372140,15.0
660,1.372140,15.0
661,1.372140,15.0
662,1.372140,15.0
663,1.372140,15.0
664,1.372140,15.0
665,1.372140,15.0
666,1.372140,15.0
667,1.372140,15.0
668,1.372140,15.0
669,1.372140,15.0
670,1.372140,15.0
671,1.372140,15.0
672,1.372140,15.0
673,1.372140,15.0
674,1.372140,15.0
675,1.372140,15.0
676,1.372140,15.0
677,1.372140,15.0
678,1.372140,15.0
679,1.372140,15.0
680,1.372140,15.0
681,1.372140,15.0
682,1.372140,15.0
683,1.372140,15.0
684,1.372140,15.0
685,1.372140,15.0
686,1.372140,15.0
687,1.372140,15.0
688,1.372140,15.0
689,1.372140,15.0
690,1.372140,15.0
691,1.372140,15.0
692,1.372140,15.0
693,1.372140,15.0
694,1.372140,15.0
695,1.372140,15.0
696,1.372140,15.0
697,1.372140,15.0
698,1.372140,15.0
699,1.372140,15.0
700,1.372140,15.0
701,1.372140,15.0
702,1.372140,15.0
703,1.372140,15.0
704,1.372140,15.0
705,1.372140,15.0
706,1.372140,15.0
707,1.372140,15.0
708,1.372140,15.0
709,1.372140,15.0
710,1.372140,15.0
711,1.372140,15.0
712,1.372140,15.0
713,1.372140,15.0
714,1.372140,15.0
715,1.372140,15.0
716,1.372140,15.0
717,1.372140,15.0
718,1.372140,15.0
719,1.372140,15.0
720,1.372140,15.0
721,1.372140,15.0
722,1.372140,15.0
723,1.372140,15.0
724,1.372140,15.0
725,1.372140,15.0
726,1.372140,15.0
727,1.372140,15.0
728,1.372140,15.0
729,1.372140,15.0
730,1.372140,15.0
731,1.372140,15.0
732,1.372140,15.0
733,1.372140,15.0
734,1.372140,15.0
735,1.372140,15.0
736,1.372140,15.0
737,1.372140,15.0
738,1.372140,15.0
739,1.372140,15.0
740,1.372140,15.0
741,1.372140,15.0
742,1.372140,15.0
743,1.372140,15.0
744,1.372140,15.0
745,1.372140,15.0
746,1.372140,15.0
747,1.372140,15.0
748,1.372140,15.0
749,1.372140,15.0
750,1.372140,15.0
751,1.372140,15.0
752,1.372140,15.0
753,1.372140,15.0
754,1.372140,15.0
755,1.372140,15.0
756,1.372140,15.0
757,1.372140,15.0
758,1.372140,15.0
759,1.372140,15.0
760,1.372140,15.0
761,1.372140,15.0
762,1.372140,15.0
763,1.372140,15.0
764,1.372140,15.0
765,1.372140,15.0
766,1.372140,15.0
767,1.372140,15.0
768,1.372140,15.0
769,1.372140,15.0
770,1.372140,15.0
771,1.372140,15.0
772,1.372140,15.0
773,1.372140,15.0
774,1.372140,15.0
775,1.372140,15.0
776,1.372140,15.0
777,1.372140,15.0
778,1.372140,15.0
779,1.372140,15.0
780,1.372140,15.0
781,1.372140,15.0
782,1.372140,15.0
783,1.372140,15.0
784,1.372140,15.0
785,1.372140,15.0
786,1.372140,15.0
787,1.372140,15.0
788,1.372140,15.0
789,1.372140,15.0
790,1.372140,15.0
791,1.372140,15.0
792,1.372140,15.0
793,1.372140,15.0
794,1.372140,15.0
795,1.372140,15.0
796,1.372140,15.0
797,1.372140,15.0
798,1.372140,15.0
799,1.372140,15.0
800,1.372140,15.0
801,1.372140,15.0
802,1.372140,15.0
803,1.372140,15.0
804,1.372140,15.0
805,1.372140,15.0
806,1.372140,15.0
807,1.372140,15.0
808,1.372140,15.0
809,1.372140,15.0
810,1.372140,15.0
811,1.372140,15.0
812,1.372140,15.0
813,1.372140,15.0
814,1.372140,15.0
815,1.372140,15.0
816,1.372140,15.0
817,1.372140,15.0
818,1.372140,15.0
819,1.372140,15.0
820,1.372140,15.0
821,1.372140,15.0
822,1.372140,15.0
823,1.372140,15.0
824,1.372140,15.0
825,1.372140,15.0
826,1.372140,15.0
827,1.372140,15.0
828,1.372140,15.0
829,1.372140,15.0
830,1.372140,15.0
831,1.372140,15.0
832,1.372140,15.0
833,1.372140,15.0
834,1.372140,15.0
835,1.372140,15.0
836,1.372140,15.0
837,1.372140,15.0
838,1.372140,15.0
839,1.372140,15.0
840,1.372140,15.0
841,1.372140,15.0
842,1.372140,15.0
843,1.372140,15.0
844,1.372140,15.0
845,1.372140,15.0
846,1.372140,15.0
847,1.372140,15.0
848,1.358419,15.0
849,1.358419,15.0
850,1.358419,15.0
851,1.358419,15.0
852,1.358419,15.0
853,1.358419,15.0
854,1.358419,15.0
855,1.358419,15.0
856,1.358419,15.0
857,1.358419,15.0
858,1.358419,15.0
859,1.358419,15.0
860,1.358419,15.0
861,1.358419,15.0
862,1.358419,15.0
863,1.358419,15.0
864,1.358419,15.0
865,1.358419,15.0
866,1.358419,15.0
867,1.358419,15.0
868,1.358419,15.0
869,1.358419,15.0
870,1.358419,15.0
871,1.358419,15.0
872,1.358419,15.0
873,1.358419,15.0
874,1.358419,15.0
875,1.358419,15.0
876,1.358419,15.0
877,1.358419,15.0
878,1.358419,15.0
879,1.358419,15.0
880,1.358419,15.0
881,1.358419,15.0
882,1.358419,15.0
883,1.358419,15.0
884,1.358419,15.0
885,1.358419,15.0
886,1.358419,15.0
887,1.358419,15.0
888,1.358419,15.0
889,1.358419,15.0
890,1.358419,15.0
891,1.358419,15.0
892,1.358419,15.0
893,1.358419,15.0
894,1.358419,15.0
895,1.358419,15.0
896,1.358419,15.0
897,1.358419,15.0
898,1.358419,15.0
899,1.358419,15.0
900,1.358419,15.0
901,1.358419,15.0
902,1.358419,15.0
903,1.358419,15.0
904,1.358419,15.0
905,1.358419,15.0
906,1.358419,15.0
907,1.358419,15.0
908,1.358419,15.0
909,1.358419,15.0
910,1.358419,15.0
911,1.358419,15.0
912,1.358419,15.0
913,1.358419,15.0
914,1.358419,15.0
915,1.358419,15.0
916,1.358419,15.0
917,1.358419,15.0
918,1.358419,15.0
919,1.358419,15.0
920,1.358419,15.0
921,1.358419,15.0
922,1.358419,15.0
923,1.358419,15.0
924,1.358419,15.0
925,1.358419,15.0
926,1.358419,15.0
927,1.358419,15.0
928,1.358419,15.0
929,1.358419,15.0
930,1.358419,15.0
931,1.358419,15.0
932,1.358419,15.0
933,1.358419,15.0
934,1.358419,15.0
935,1.358419,15.0
936,1.358419,15.0
937,1.358419,15.0
938,1.358419,15.0
939,1.358419,15.0
940,1.358419,15.0
941,1.358419,15.0
942,1.358419,15.0
943,1.358419,15.0
944,1.358419,15.0
945,1.358419,15.0
946,1.358419,15.0
947,1.358419,15.0
948,1.358419,15.0
949,1.358419,15.0
950,1.358419,15.0
951,1.358419,15.0
952,1.358419,15.0
953,1.358419,15.0
954,1.358419,15.0
955,1.358419,15.0
956,1.358419,15.0
957,1.358419,15.0
958,1.358419,15.0
959,1.358419,15.0
960,1.358419,15.0
961,1.358419,15.0
962,1.358419,15.0
963,1.358419,15.0
964,1.358419,15.0
965,1.358419,15.0
966,1.358419,15.0
967,1.358419,15.0
968,1.358419,15.0
969,1.358419,15.0
970,1.358419,15.0
971,1.358419,15.0
972,1.358419,15.0
973,1.358419,15.0
974,1.358419,15.0
975,1.358419,15.0
976,1.358419,15.0
977,1.358419,15.0
978,1.358419,15.0
979,1.358419,15.0
980,1.358419,15.0
981,1.358419,15.0
982,1.358419,15.0
983,1.358419,15.0
984,1.358419,15.0
985,1.358419,15.0
986,1.358419,15.0
987,1.358419,15.0
988,1.358419,15.0
989,1.358419,15.0
990,1.358419,15.0
991,1.358419,15.0
992,1.358419,15.0
993,1.358419,15.0
994,1.358419,15.0
995,1.358419,15.0
996,1.358419,15.0
997,1.358419,15.0
998,1.358419,15.0
999,1.358419,15.0
1000,1.358419,15.0
1001,1.358419,15.0
1002,1.358419,15.0
1003,1.358419,15.0
1004,1.358419,15.0
1005,1.358419,15.0
1006,1.358419,15.0
1007,1.358419,15.0
1008,1.358419,15.0
1009,1.358419,15.0
1010,1.358419,15.0
1011,1.358419,15.0
1012,1.358419,15.0
1013,1.358419,15.0
1014,1.358419,15.0
1015,1.358419,15.0
1016,1.358419,15.0
1017,1.358419,15.0
1018,1.358419,15.0
1019,1.358419,15.0
1020,1.358419,15.0
1021,1.358419,15.0
1022,1.358419,15.0
1023,1.358419,15.0
1024,1.358419,15.0
1025,1.358419,15.0
1026,1.358419,15.0
1027,1.358419,15.0
1028,1.358419,15.0
1029,1.358419,15.0
1030,1.358419,15.0
1031,1.358419,15.0
1032,1.358419,15.0
1033,1.358419,15.0
1034,1.358419,15.0
1035,1.358419,15.0
1036,1.358419,15.0
1037,1.358419,15.0
1038,1.358419,15.0
1039,1.358419,15.0
1040,1.358419,15.0
1041,1.358419,15.0
1042,1.358419,15.0
1043,1.358419,15.0
1044,1.358419,15.0
1045,1.358419,15.0
1046,1.358419,15.0
1047,1.358419,15.0
1048,1.358419,15.0
1049,1.358419,15.0
1050,1.358419,15.0
1051,1.358419,15.0
1052,1.358419,15.0
1053,1.358419,15.0
1054,1.358419,15.0
1055,1.358419,15.0
1056,1.358419,15.0
1057,1.358419,15.0
1058,1.358419,15.0
1059,1.358419,15.0
1060,1.358419,15.0
1061,1.358419,15.0
1062,1.358419,15.0
1063,1.358419,15.0
1064,1.358419,15.0
1065,1.358419,15.0
1066,1.358419,15.0
1067,1.358419,15.0
1068,1.358419,15.0
1069,1.358419,15.0
1070,1.358419,15.0
1071,1.358419,15.0
1072,1.358419,15.0
1073,1.358419,15.0
1074,1.358419,15.0
1075,1.358419,15.0
1076,1.358419,15.0
1077,1.358419,15.0
1078,1.358419,15.0
1079,1.358419,15.0
1080,1.358419,15.0
1081,1.358419,15.0
1082,1.358419,15.0
1083,1.344834,15.0
1084,1.344834,15.0
1085,1.344834,15.0
1086,1.344834,15.0
1087,1.344834,15.0
1088,1.344834,15.0
1089,1.344834,15.0
1090,1.344834,15.0
1091,1.344834,15.0
1092,1.344834,15.0
1093,1.344834,15.0
1094,1.344834,15.0
1095,1.344834,15.0
1096,1.344834,15.0
1097,1.344834,15.0
1098,1.344834,15.0
1099,1.344834,15.0
1100,1.344834,15.0
1101,1.344834,15.0
1102,1.344834,15.0
1103,1.344834,15.0
1104,1.344834,15.0
1105,1.344834,15.0
1106,1.344834,15.0
1107,1.344834,15.0
1108,1.344834,15.0
1109,1.344834,15.0
1110,1.344834,15.0
1111,1.344834,15.0
1112,1.344834,15.0
1113,1.344834,15.0
1114,1.344834,15.0
1115,1.344834,15.0
1116,1.344834,15.0
1117,1.344834,15.0
1118,1.344834,15.0
1119,1.344834,15.0
1120,1.344834,15.0
1121,1.344834,15.0
1122,1.344834,15.0
1123,1.344834,15.0
1124,1.344834,15.0
1125,1.344834,15.0
1126,1.344834,15.0
1127,1.344834,15.0
1128,1.344834,15.0
1129,1.344834,15.0
1130,1.344834,15.0
1131,1.344834,15.0
1132,1.344834,15.0
1133,1.344834,15.0
1134,1.344834,15.0
1135,1.344834,15.0
1136,1.344834,15.0
1137,1.344834,15.0
1138,1.344834,15.0
1139,1.344834,15.0
1140,1.344834,15.0
1141,1.344834,15.0
1142,1.344834,15.0
1143,1.344834,15.0
1144,1.344834,15.0
1145,1.344834,15.0
1146,1.344834,15.0
1147,1.344834,15.0
1148,1.344834,15.0
1149,1.344834,15.0
1150,1.344834,15.0
1151,1.344834,15.0
1152,1.344834,15.0
1153,1.344834,15.0
1154,1.344834,15.0
1155,1.344834,15.0
1156,1.344834,15.0
1157,1.344834,15.0
1158,1.344834,15.0
1159,1.344834,15.0
1160,1.344834,15.0
1161,1.344834,15.0
1162,1.344834,15.0
1163,1.344834,15.0
1164,1.344834,15.0
1165,1.344834,15.0
1166,1.344834,15.0
1167,1.344834,15.0
1168,1.344834,15.0
1169,1.344834,15.0
1170,1.344834,15.0
1171,1.344834,15.0
1172,1.344834,15.0
1173,1.344834,15.0
1174,1.344834,15.0
1175,1.344834,15.0
1176,1.344834,15.0
1177,1.344834,15.0
1178,1.344834,15.0
1179,1.344834,15.0
1180,1.344834,15.0
1181,1.344834,15.0
1182,1.344834,15.0
1183,1.344834,15.0
1184,1.344834,15.0
1185,1.344834,15.0
1186,1.344834,15.0
1187,1.344834,15.0
1188,1.344834,15.0
1189,1.344834,15.0
1190,1.344834,15.0
1191,1.344834,15.0
1192,1.344834,15.0
1193,1.344834,15.0
1194,1.344834,15.0
1195,1.344834,15.0
1196,1.344834,15.0
1197,1.344834,15.0
1198,1.344834,15.0
1199,1.344834,15.0
1200,1.344834,15.0
1201,1.344834,15.0
1202,1.344834,15.0
1203,1.344834,15.0
1204,1.344834,15.0
1205,1.344834,15.0
1206,1.344834,15.0
1207,1.344834,15.0
1208,1.344834,15.0
1209,1.344834,15.0
1210,1.344834,15.0
1211,1.344834,15.0
1212,1.344834,15.0
1213,1.344834,15.0
1214,1.344834,15.0
1215,1.344834,15.0
1216,1.344834,15.0
1217,1.344834,15.0
1218,1.344834,15.0
1219,1.344834,15.0
1220,1.344834,15.0
1221,1.344834,15.0
1222,1.344834,15.0
1223,1.344834,15.0
1224,1.344834,15.0
1225,1.344834,15.0
1226,1.344834,15.0
1227,1.344834,15.0
1228,1.344834,15.0
1229,1.344834,15.0
1230,1.344834,15.0
1231,1.344834,15.0
1232,1.344834,15.0
1233,1.344834,15.0
1234,1.344834,15.0
1235,1.344834,15.0
1236,1.344834,15.0
1237,1.344834,15.0
1238,1.344834,15.0
1239,1.344834,15.0
1240,1.344834,15.0
1241,1.344834,15.0
1242,1.344834,15.0
1243,1.344834,15.0
1244,1.344834,15.0
1245,1.344834,15.0
1246,1.344834,15.0
1247,1.344834,15.0
1248,1.344834,15.0
1249,1.344834,15.0
1250,1.344834,15.0
1251,1.344834,15.0
1252,1.344834,15.0
1253,1.331386,15.0
1254,1.331386,15.0
1255,1.331386,15.0
1256,1.331386,15.0
1257,1.331386,15.0
1258,1.331386,15.0
1259,1.331386,15.0
1260,1.331386,15.0
1261,1.331386,15.0
1262,1.331386,15.0
1263,1.331386,15.0
1264,1.331386,15.0
1265,1.331386,15.0
1266,1.331386,15.0
1267,1.331386,15.0
1268,1.331386,15.0
1269,1.331386,15.0
1270,1.331386,15.0
1271,1.331386,15.0
1272,1.331386,15.0
1273,1.331386,15.0
1274,1.331386,15.0
1275,1.331386,15.0
1276,1.331386,15.0
1277,1.331386,15.0
1278,1.331386,15.0
1279,1.331386,15.0
1280,1.331386,15.0
1281,1.331386,15.0
1282,1.331386,15.0
1283,1.331386,15.0
1284,1.331386,15.0
1285,1.331386,15.0
1286,1.331386,15.0
1287,1.331386,15.0
1288,1.331386,15.0
1289,1.331386,15.0
1290,1.331386,15.0
1291,1.331386,15.0
1292,1.331386,15.0
1293,1.331386,15.0
1294,1.331386,15.0
1295,1.331386,15.0
1296,1.331386,15.0
1297,1.331386,15.0
1298,1.331386,15.0
1299,1.331386,15.0
1300,1.331386,15.0
1301,1.331386,15.0
1302,1.331386,15.0
1303,1.331386,15.0
1304,1.331386,15.0
1305,1.331386,15.0
1306,1.331386,15.0
1307,1.331386,15.0
1308,1.331386,15.0
1309,1.331386,15.0
1310,1.331386,15.0
1311,1.331386,15.0
1312,1.331386,15.0
1313,1.331386,15.0
1314,1.331386,15.0
1315,1.331386,15.0
1316,1.331386,15.0
1317,1.331386,15.0
1318,1.331386,15.0
1319,1.331386,15.0
1320,1.331386,15.0
1321,1.331386,15.0
1322,1.331386,15.0
1323,1.331386,15.0
1324,1.331386,15.0
1325,1.331386,15.0
1326,1.331386,15.0
1327,1.331386,15.0
1328,1.331386,15.0
1329,1.331386,15.0
1330,1.331386,15.0
1331,1.331386,15.0
1332,1.331386,15.0
1333,1.331386,15.0
1334,1.331386,15.0
1335,1.331386,15.0
1336,1.331386,15.0
1337,1.331386,15.0
1338,1.331386,15.0
1339,1.331386,15.0
1340,1.331386,15.0
1341,1.331386,15.0
1342,1.331386,15.0
1343,1.331386,15.0
1344,1.331386,15.0
1345,1.331386,15.0
1346,1.331386,15.0
1347,1.331386,15.0
1348,1.331386,15.0
1349,1.331386,15.0
1350,1.331386,15.0
1351,1.331386,15.0
1352,1.331386,15.0
1353,1.331386,15.0
1354,1.331386,15.0
1355,1.331386,15.0
1356,1.331386,15.0
1357,1.331386,15.0
1358,1.331386,15.0
1359,1.331386,15.0
1360,1.331386,15.0
1361,1.331386,15.0
1362,1.331386,15.0
1363,1.331386,15.0
1364,1.331386,15.0
1365,1.331386,15.0
1366,1.331386,15.0
1367,1.331386,15.0
1368,1.331386,15.0
1369,1.331386,15.0
1370,1.331386,15.0
1371,1.331386,15.0
1372,1.331386,15.0
1373,1.331386,15.0
1374,1.331386,15.0
1375,1.331386,15.0
1376,1.331386,15.0
1377,1.331386,15.0
1378,1.331386,15.0
1379,1.331386,15.0
1380,1.331386,15.0
1381,1.331386,15.0
1382,1.331386,15.0
1383,1.331386,15.0
1384,1.331386,15.0
1385,1.331386,15.0
1386,1.331386,15.0
1387,1.331386,15.0
1388,1.331386,15.0
1389,1.331386,15.0
1390,1.331386,15.0
1391,1.331386,15.0
1392,1.331386,15.0
1393,1.331386,15.0
1394,1.331386,15.0
1395,1.331386,15.0
1396,1.331386,15.0
1397,1.331386,15.0
1398,1.331386,15.0
1399,1.331386,15.0
1400,1.331386,15.0
1401,1.331386,15.0
1402,1.318072,15.0
1403,1.318072,15.0
1404,1.318072,15.0
1405,1.318072,15.0
1406,1.318072,15.0
1407,1.318072,15.0
1408,1.318072,15.0
1409,1.318072,15.0
1410,1.318072,15.0
1411,1.318072,15.0
1412,1.318072,15.0
1413,1.318072,15.0
1414,1.318072,15.0
1415,1.318072,15.0
1416,1.318072,15.0
1417,1.318072,15.0
1418,1.318072,15.0
1419,1.318072,15.0
1420,1.318072,15.0
1421,1.318072,15.0
1422,1.318072,15.0
1423,1.318072,15.0
1424,1.318072,15.0
1425,1.318072,15.0
1426,1.318072,15.0
1427,1.318072,15.0
1428,1.318072,15.0
1429,1.318072,15.0
1430,1.318072,15.0
1431,1.318072,15.0
1432,1.318072,15.0
1433,1.318072,15.0
1434,1.318072,15.0
1435,1.318072,15.0
1436,1.318072,15.0
1437,1.318072,15.0
1438,1.318072,15.0
1439,1.318072,15.0
1440,1.318072,15.0
1441,1.318072,15.0
1442,1.318072,15.0
1443,1.318072,15.0
1444,1.318072,15.0
1445,1.318072,15.0
1446,1.318072,15.0
1447,1.318072,15.0
1448,1.318072,15.0
1449,1.318072,15.0
1450,1.318072,15.0
1451,1.318072,15.0
1452,1.318072,15.0
1453,1.318072,15.0
1454,1.318072,15.0
1455,1.318072,15.0
1456,1.318072,15.0
1457,1.318072,15.0
1458,1.318072,15.0
1459,1.318072,15.0
1460,1.318072,15.0
1461,1.318072,15.0
1462,1.318072,15.0
1463,1.318072,15.0
1464,1.318072,15.0
1465,1.318072,15.0
1466,1.318072,15.0
1467,1.318072,15.0
1468,1.318072,15.0
1469,1.318072,15.0
1470,1.318072,15.0
1471,1.318072,15.0
1472,1.318072,15.0
1473,1.318072,15.0
1474,1.318072,15.0
1475,1.318072,15.0
1476,1.318072,15.0
1477,1.318072,15.0
1478,1.318072,15.0
1479,1.318072,15.0
1480,1.318072,15.0
1481,1.318072,15.0
1482,1.318072,15.0
1483,1.318072,15.0
1484,1.318072,15.0
1485,1.318072,15.0
1486,1.318072,15.0
1487,1.318072,15.0
1488,1.318072,15.0
1489,1.318072,15.0
1490,1.318072,15.0
1491,1.318072,15.0
1492,1.318072,15.0
1493,1.318072,15.0
1494,1.318072,15.0
1495,1.318072,15.0
1496,1.318072,15.0
1497,1.318072,15.0
1498,1.318072,15.0
1499,1.318072,15.0
1500,1.318072,15.0
1501,1.318072,15.0
1502,1.318072,15.0
1503,1.318072,15.0
1504,1.318072,15.0
1505,1.318072,15.0
1506,1.318072,15.0
1507,1.318072,15.0
1508,1.318072,15.0
1509,1.318072,15.0
1510,1.318072,15.0
1511,1.318072,15.0
1512,1.318072,15.0
1513,1.318072,15.0
1514,1.318072,15.0
1515,1.318072,15.0
1516,1.318072,15.0
1517,1.318072,15.0
1518,1.318072,15.0
1519,1.318072,15.0
1520,1.318072,15.0
1521,1.318072,15.0
1522,1.318072,15.0
1523,1.318072,15.0
1524,1.318072,15.0
1525,1.318072,15.0
1526,1.318072,15.0
1527,1.318072,15.0
1528,1.318072,15.0
1529,1.318072,15.0
1530,1.318072,15.0
1531,1.318072,15.0
1532,1.318072,15.0
1533,1.318072,15.0
1534,1.318072,15.0
1535,1.318072,15.0
1536,1.318072,15.0
1537,1.318072,15.0
1538,1.318072,15.0
1539,1.318072,15.0
1540,1.318072,15.0
1541,1.304891,15.0
1542,1.304891,15.0
1543,1.304891,15.0
1544,1.304891,15.0
1545,1.304891,15.0
1546,1.304891,15.0
1547,1.304891,15.0
1548,1.304891,15.0
1549,1.304891,15.0
1550,1.304891,15.0
1551,1.304891,15.0
1552,1.304891,15.0
1553,1.304891,15.0
1554,1.304891,15.0
1555,1.304891,15.0
1556,1.304891,15.0
1557,1.304891,15.0
1558,1.304891,15.0
1559,1.304891,15.0
1560,1.304891,15.0
1561,1.304891,15.0
1562,1.304891,15.0
1563,1.304891,15.0
1564,1.304891,15.0
1565,1.304891,15.0
1566,1.304891,15.0
1567,1.304891,15.0
1568,1.304891,15.0
1569,1.304891,15.0
1570,1.304891,15.0
1571,1.304891,15.0
1572,1.304891,15.0
1573,1.304891,15.0
1574,1.304891,15.0
1575,1.304891,15.0
1576,1.304891,15.0
1577,1.304891,15.0
1578,1.304891,15.0
1579,1.304891,15.0
1580,1.304891,15.0
1581,1.304891,15.0
1582,1.304891,15.0
1583,1.304891,15.0
1584,1.304891,15.0
1585,1.304891,15.0
1586,1.304891,15.0
1587,1.304891,15.0
1588,1.304891,15.0
1589,1.304891,15.0
1590,1.304891,15.0
1591,1.304891,15.0
1592,1.304891,15.0
1593,1.304891,15.0
1594,1.304891,15.0
1595,1.304891,15.0
1596,1.304891,15.0
1597,1.304891,15.0
1598,1.304891,15.0
1599,1.304891,15.0
1600,1.304891,15.0
1601,1.304891,15.0
1602,1.304891,15.0
1603,1.304891,15.0
1604,1.304891,15.0
1605,1.304891,15.0
1606,1.304891,15.0
1607,1.304891,15.0
1608,1.304891,15.0
1609,1.304891,15.0
1610,1.304891,15.0
1611,1.304891,15.0
1612,1.304891,15.0
1613,1.304891,15.0
1614,1.304891,15.0
1615,1.304891,15.0
1616,1.304891,15.0
1617,1.304891,15.0
1618,1.304891,15.0
1619,1.304891,15.0
1620,1.304891,15.0
1621,1.304891,15.0
1622,1.304891,15.0
1623,1.304891,15.0
1624,1.304891,15.0
1625,1.304891,15.0
1626,1.304891,15.0
1627,1.304891,15.0
1628,1.304891,15.0
1629,1.304891,15.0
1630,1.304891,15.0
1631,1.304891,15.0
1632,1.304891,15.0
1633,1.304891,15.0
1634,1.304891,15.0
1635,1.304891,15.0
1636,1.304891,15.0
1637,1.304891,15.0
1638,1.304891,15.0
1639,1.304891,15.0
1640,1.304891,15.0
1641,1.304891,15.0
1642,1.304891,15.0
1643,1.304891,15.0
1644,1.304891,15.0
1645,1.304891,15.0
1646,1.304891,15.0
1647,1.304891,15.0
1648,1.304891,15.0
1649,1.304891,15.0
1650,1.304891,15.0
1651,1.304891,15.0
1652,1.304891,15.0
1653,1.304891,15.0
1654,1.304891,15.0
1655,1.304891,15.0
1656,1.304891,15.0
1657,1.304891,15.0
1658,1.304891,15.0
1659,1.304891,15.0
1660,1.304891,15.0
1661,1.304891,15.0
1662,1.304891,15.0
1663,1.304891,15.0
1664,1.304891,15.0
1665,1.304891,15.0
1666,1.304891,15.0
1667,1.304891,15.0
1668,1.304891,15.0
1669,1.304891,15.0
1670,1.304891,15.0
1671,1.304891,15.0
1672,1.304891,15.0
1673,1.304891,15.0
1674,1.304891,15.0
1675,1.304891,15.0
1676,1.291843,15.0
1677,1.291843,15.0
1678,1.291843,15.0
1679,1.291843,15.0
1680,1.291843,15.0
1681,1.291843,15.0
1682,1.291843,15.0
1683,1.291843,15.0
1684,1.291843,15.0
1685,1.291843,15.0
1686,1.291843,15.0
1687,1.291843,15.0
1688,1.291843,15.0
1689,1.291843,15.0
1690,1.291843,15.0
1691,1.291843,15.0
1692,1.291843,15.0
1693,1.291843,15.0
1694,1.291843,15.0
1695,1.291843,15.0
1696,1.291843,15.0
1697,1.291843,15.0
1698,1.291843,15.0
1699,1.291843,15.0
1700,1.291843,15.0
1701,1.291843,15.0
1702,1.291843,15.0
1703,1.291843,15.0
1704,1.291843,15.0
1705,1.291843,15.0
1706,1.291843,15.0
1707,1.291843,15.0
1708,1.291843,15.0
1709,1.291843,15.0
1710,1.291843,15.0
1711,1.291843,15.0
1712,1.291843,15.0
1713,1.291843,15.0
1714,1.291843,15.0
1715,1.291843,15.0
1716,1.291843,15.0
1717,1.291843,15.0
1718,1.291843,15.0
1719,1.291843,15.0
1720,1.291843,15.0
1721,1.291843,15.0
1722,1.291843,15.0
1723,1.291843,15.0
1724,1.291843,15.0
1725,1.291843,15.0
1726,1.291843,15.0
1727,1.291843,15.0
1728,1.291843,15.0
1729,1.291843,15.0
1730,1.291843,15.0
1731,1.291843,15.0
1732,1.291843,15.0
1733,1.291843,15.0
1734,1.291843,15.0
1735,1.291843,15.0
1736,1.291843,15.0
1737,1.291843,15.0
1738,1.291843,14.0
1739,1.291843,14.0
1740,1.291843,14.0
1741,1.291843,14.0
1742,1.291843,14.0
1743,1.291843,14.0
1744,1.291843,14.0
1745,1.291843,14.0
1746,1.291843,14.0
1747,1.291843,14.0
1748,1.291843,14.0
1749,1.291843,14.0
1750,1.291843,14.0
1751,1.291843,14.0
1752,1.291843,14.0
1753,1.291843,14.0
1754,1.291843,14.0
1755,1.291843,14.0
1756,1.291843,14.0
1757,1.291843,14.0
1758,1.291843,14.0
1759,1.291843,14.0
1760,1.291843,14.0
1761,1.291843,14.0
1762,1.291843,14.0
1763,1.291843,14.0
1764,1.291843,14.0
1765,1.291843,14.0
1766,1.291843,14.0
1767,1.291843,14.0
1768,1.291843,14.0
1769,1.291843,14.0
1770,1.291843,14.0
1771,1.291843,14.0
1772,1.291843,14.0
1773,1.291843,14.0
1774,1.291843,14.0
1775,1.291843,14.0
1776,1.291843,14.0
1777,1.291843,14.0
1778,1.291843,14.0
1779,1.291843,14.0
1780,1.291843,14.0
1781,1.291843,14.0
1782,1.291843,14.0
1783,1.291843,14.0
1784,1.291843,14.0
1785,1.291843,14.0
1786,1.291843,14.0
1787,1.291843,14.0
1788,1.291843,14.0
1789,1.291843,14.0
1790,1.291843,14.0
1791,1.291843,14.0
1792,1.291843,14.0
1793,1.291843,14.0
1794,1.291843,14.0
1795,1.291843,14.0
1796,1.291843,14.0
1797,1.291843,14.0
1798,1.291843,14.0
1799,1.291843,14.0
1800,1.291843,14.0
1801,1.291843,14.0
1802,1.291843,14.0
1803,1.291843,14.0
1804,1.291843,14.0
1805,1.291843,14.0
1806,1.291843,14.0
1807,1.291843,14.0
1808,1.291843,14.0
1809,1.291843,14.0
1810,1.291843,14.0
1811,1.291843,14.0
1812,1.291843,14.0
1813,1.291843,14.0
1814,1.291843,14.0
1815,1.291843,14.0
1816,1.291843,14.0
1817,1.291843,14.0
1818,1.291843,14.0
1819,1.291843,14.0
1820,1.291843,14.0
1821,1.291843,14.0
1822,1.291843,14.0
1823,1.291843,14.0
1824,1.291843,14.0
1825,1.291843,14.0
1826,1.291843,14.0
1827,1.291843,14.0
1828,1.291843,14.0
1829,1.291843,14.0
1830,1.291843,14.0
1831,1.291843,14.0
1832,1.291843,14.0
1833,1.291843,14.0
1834,1.291843,14.0
1835,1.291843,14.0
1836,1.291843,14.0
1837,1.291843,14.0
1838,1.291843,14.0
1839,1.291843,14.0
1840,1.291843,14.0
1841,1.291843,14.0
1842,1.291843,14.0
1843,1.291843,14.0
1844,1.291843,14.0
1845,1.291843,14.0
1846,1.291843,14.0
1847,1.291843,14.0
1848,1.291843,14.0
1849,1.291843,14.0
1850,1.291843,14.0
1851,1.291843,14.0
1852,1.291843,14.0
1853,1.291843,14.0
1854,1.291843,14.0
1855,1.291843,14.0
1856,1.291843,14.0
1857,1.291843,14.0
1858,1.291843,14.0
1859,1.291843,14.0
1860,1.291843,14.0
1861,1.291843,14.0
1862,1.291843,14.0
1863,1.291843,14.0
1864,1.291843,14.0
1865,1.291843,14.0
1866,1.291843,14.0
1867,1.291843,14.0
1868,1.291843,14.0
1869,1.291843,14.0
1870,1.291843,14.0
1871,1.291843,14.0
1872,1.291843,14.0
1873,1.291843,14.0
1874,1.291843,14.0
1875,1.291843,14.0
1876,1.291843,14.0
1877,1.291843,14.0
1878,1.291843,14.0
1879,1.291843,14.0
1880,1.291843,14.0
1881,1.291843,14.0
1882,1.291843,14.0
1883,1.291843,14.0
1884,1.291843,14.0
1885,1.291843,14.0
1886,1.291843,14.0
1887,1.291843,14.0
1888,1.291843,14.0
1889,1.291843,14.0
1890,1.291843,14.0
1891,1.291843,14.0
1892,1.291843,14.0
1893,1.291843,14.0
1894,1.291843,14.0
1895,1.291843,14.0
1896,1.291843,14.0
1897,1.291843,14.0
1898,1.291843,14.0
1899,1.291843,14.0
1900,1.291843,14.0
1901,1.291843,14.0
1902,1.291843,14.0
1903,1.291843,14.0
1904,1.291843,14.0
1905,1.291843,14.0
1906,1.291843,14.0
1907,1.291843,14.0
1908,1.291843,14.0
1909,1.291843,14.0
1910,1.291843,14.0
1911,1.291843,14.0
1912,1.291843,14.0
1913,1.291843,14.0
1914,1.291843,14.0
1915,1.291843,14.0
1916,1.291843,14.0
1917,1.291843,14.0
1918,1.291843,14.0
1919,1.291843,14.0
1920,1.291843,14.0
1921,1.291843,14.0
1922,1.291843,14.0
1923,1.291843,14.0
1924,1.291843,14.0
1925,1.291843,14.0
1926,1.291843,14.0
1927,1.291843,14.0
1928,1.291843,14.0
1929,1.291843,14.0
1930,1.291843,14.0
1931,1.291843,14.0
1932,1.291843,14.0
1933,1.291843,14.0
1934,1.291843,14.0
1935,1.278924,14.0
1936,1.278924,14.0
1937,1.278924,14.0
1938,1.278924,14.0
1939,1.278924,14.0
1940,1.278924,14.0
1941,1.278924,14.0
1942,1.278924,14.0
1943,1.278924,14.0
1944,1.278924,14.0
1945,1.278924,14.0
1946,1.278924,14.0
1947,1.278924,14.0
1948,1.278924,14.0
1949,1.278924,14.0
1950,1.278924,14.0
1951,1.278924,14.0
1952,1.278924,14.0
1953,1.278924,14.0
1954,1.278924,14.0
1955,1.278924,14.0
1956,1.278924,14.0
1957,1.278924,14.0
1958,1.278924,14.0
1959,1.278924,14.0
1960,1.278924,14.0
1961,1.278924,14.0
1962,1.278924,14.0
1963,1.278924,14.0
1964,1.278924,14.0
1965,1.278924,14.0
1966,1.278924,14.0
1967,1.278924,14.0
1968,1.278924,14.0
1969,1.278924,14.0
1970,1.278924,14.0
1971,1.278924,14.0
1972,1.278924,14.0
1973,1.278924,14.0
1974,1.278924,14.0
1975,1.278924,14.0
1976,1.278924,14.0
1977,1.278924,14.0
1978,1.278924,14.0
1979,1.278924,14.0
1980,1.278924,14.0
1981,1.278924,14.0
1982,1.278924,14.0
1983,1.278924,14.0
1984,1.278924,14.0
1985,1.278924,14.0
1986,1.278924,14.0
1987,1.278924,14.0
1988,1.278924,14.0
1989,1.278924,14.0
1990,1.278924,14.0
1991,1.278924,14.0
1992,1.278924,14.0
1993,1.278924,14.0
1994,1.278924,14.0
1995,1.278924,14.0
1996,1.278924,14.0
1997,1.278924,14.0
1998,1.278924,14.0
1999,1.278924,14.0
2000,1.278924,14.0
2001,1.278924,14.0
2002,1.278924,14.0
2003,1.278924,14.0
2004,1.278924,14.0
2005,1.278924,14.0
2006,1.278924,14.0
2007,1.278924,14.0
2008,1.278924,14.0
2009,1.278924,14.0
2010,1.278924,14.0
2011,1.278924,14.0
2012,1.278924,14.0
2013,1.278924,14.0
2014,1.278924,14.0
2015,1.278924,14.0
2016,1.278924,14.0
2017,1.278924,14.0
2018,1.278924,14.0
2019,1.278924,14.0
2020,1.278924,14.0
2021,1.278924,14.0
2022,1.278924,14.0
2023,1.278924,14.0
2024,1.278924,14.0
2025,1.278924,14.0
2026,1.278924,14.0
2027,1.278924,14.0
2028,1.278924,14.0
2029,1.278924,14.0
2030,1.278924,14.0
2031,1.278924,14.0
2032,1.278924,14.0
2033,1.278924,14.0
2034,1.278924,14.0
2035,1.278924,14.0
2036,1.278924,14.0
2037,1.278924,14.0
2038,1.278924,14.0
2039,1.278924,14.0
2040,1.278924,14.0
2041,1.278924,14.0
2042,1.278924,14.0
2043,1.278924,14.0
2044,1.278924,14.0
2045,1.278924,13.0
2046,1.278924,13.0
2047,1.278924,13.0
2048,1.278924,13.0
2049,1.278924,13.0
2050,1.278924,13.0
2051,1.278924,13.0
2052,1.278924,13.0
2053,1.278924,13.0
2054,1.278924,13.0
2055,1.278924,13.0
2056,1.278924,13.0
2057,1.278924,13.0
2058,1.278924,13.0
2059,1.278924,13.0
2060,1.278924,13.0
2061,1.278924,13.0
2062,1.278924,13.0
2063,1.278924,13.0
2064,1.278924,13.0
2065,1.278924,13.0
2066,1.278924,13.0
2067,1.278924,13.0
2068,1.278924,13.0
2069,1.278924,13.0
2070,1.278924,13.0
2071,1.278924,13.0
2072,1.278924,13.0
2073,1.278924,13.0
2074,1.278924,13.0
2075,1.278924,13.0
2076,1.278924,13.0
2077,1.278924,13.0
2078,1.278924,13.0
2079,1.278924,13.0
2080,1.278924,13.0
2081,1.278924,13.0
2082,1.278924,13.0
2083,1.278924,13.0
2084,1.278924,13.0
2085,1.278924,13.0
2086,1.278924,13.0
2087,1.278924,13.0
2088,1.278924,13.0
2089,1.278924,13.0
2090,1.278924,13.0
2091,1.278924,13.0
2092,1.278924,13.0
2093,1.278924,13.0
2094,1.278924,13.0
2095,1.278924,13.0
2096,1.278924,13.0
2097,1.278924,13.0
2098,1.278924,13.0
2099,1.278924,13.0
2100,1.278924,13.0
2101,1.278924,13.0
2102,1.278924,13.0
2103,1.278924,13.0
2104,1.278924,13.0
2105,1.278924,13.0
2106,1.278924,13.0
2107,1.278924,13.0
2108,1.278924,13.0
2109,1.278924,13.0
2110,1.278924,13.0
2111,1.278924,13.0
2112,1.278924,13.0
2113,1.278924,13.0
2114,1.278924,13.0
2115,1.278924,13.0
2116,1.278924,13.0
2117,1.278924,13.0
2118,1.278924,13.0
2119,1.278924,13.0
2120,1.278924,13.0
2121,1.278924,13.0
2122,1.278924,13.0
2123,1.278924,13.0
2124,1.278924,13.0
2125,1.278924,13.0
2126,1.278924,13.0
2127,1.278924,13.0
2128,1.278924,13.0
2129,1.278924,13.0
2130,1.278924,13.0
2131,1.278924,13.0
2132,1.278924,13.0
2133,1.278924,13.0
2134,1.278924,13.0
2135,1.278924,13.0
2136,1.278924,13.0
2137,1.278924,13.0
2138,1.278924,13.0
2139,1.278924,13.0
2140,1.278924,13.0
2141,1.278924,13.0
2142,1.278924,13.0
2143,1.278924,13.0
2144,1.278924,13.0
2145,1.278924,13.0
2146,1.278924,13.0
2147,1.278924,13.0
2148,1.278924,13.0
2149,1.278924,13.0
2150,1.278924,13.0
2151,1.278924,13.0
2152,1.278924,13.0
2153,1.278924,13.0
2154,1.278924,13.0
2155,1.278924,13.0
2156,1.278924,13.0
2157,1.278924,13.0
2158,1.278924,13.0
2159,1.278924,13.0
2160,1.278924,13.0
2161,1.278924,13.0
2162,1.278924,13.0
2163,1.278924,13.0
2164,1.278924,13.0
2165,1.278924,13.0
2166,1.278924,13.0
2167,1.278924,13.0
2168,1.278924,13.0
2169,1.278924,13.0
2170,1.278924,13.0
2171,1.278924,13.0
2172,1.278924,13.0
2173,1.278924,13.0
2174,1.278924,13.0
2175,1.278924,13.0
2176,1.278924,13.0
2177,1.278924,13.0
2178,1.278924,13.0
2179,1.278924,13.0
2180,1.278924,13.0
2181,1.278924,13.0
2182,1.278924,13.0
2183,1.278924,13.0
2184,1.278924,13.0
2185,1.278924,13.0
2186,1.278924,13.0
2187,1.278924,13.0
2188,1.278924,13.0
2189,1.278924,13.0
2190,1.278924,13.0
2191,1.278924,13.0
2192,1.278924,13.0
2193,1.278924,13.0
2194,1.278924,13.0
2195,1.278924,13.0
2196,1.278924,13.0
2197,1.278924,13.0
2198,1.278924,13.0
2199,1.278924,13.0
2200,1.278924,13.0
2201,1.278924,13.0
2202,1.278924,13.0
2203,1.278924,13.0
2204,1.278924,13.0
2205,1.278924,13.0
2206,1.278924,13.0
2207,1.278924,13.0
2208,1.278924,13.0
2209,1.278924,13.0
2210,1.278924,13.0
2211,1.278924,13.0
2212,1.278924,13.0
2213,1.278924,13.0
2214,1.278924,13.0
2215,1.278924,13.0
2216,1.278924,13.0
2217,1.278924,13.0
2218,1.278924,13.0
2219,1.278924,13.0
2220,1.278924,13.0
2221,1.278924,13.0
2222,1.278924,13.0
2223,1.278924,13.0
2224,1.278924,13.0
2225,1.278924,13.0
2226,1.278924,13.0
2227,1.278924,13.0
2228,1.278924,13.0
2229,1.278924,13.0
2230,1.278924,13.0
2231,1.278924,13.0
2232,1.278924,13.0
2233,1.278924,13.0
2234,1.266135,13.0
2235,1.266135,13.0
2236,1.266135,13.0
2237,1.266135,13.0
2238,1.266135,13.0
2239,1.266135,13.0
2240,1.266135,13.0
2241,1.266135,13.0
2242,1.266135,13.0
2243,1.266135,13.0
2244,1.266135,13.0
2245,1.266135,13.0
2246,1.266135,13.0
2247,1.266135,13.0
2248,1.266135,13.0
2249,1.266135,13.0
2250,1.266135,13.0
2251,1.266135,13.0
2252,1.266135,13.0
2253,1.266135,13.0
2254,1.266135,13.0
2255,1.266135,13.0
2256,1.266135,13.0
2257,1.266135,13.0
2258,1.266135,13.0
2259,1.266135,13.0
2260,1.266135,13.0
2261,1.266135,13.0
2262,1.266135,13.0
2263,1.266135,13.0
2264,1.266135,13.0
2265,1.266135,13.0
2266,1.266135,13.0
2267,1.266135,13.0
2268,1.266135,13.0
2269,1.266135,13.0
2270,1.266135,13.0
2271,1.266135,13.0
2272,1.266135,13.0
2273,1.266135,13.0
2274,1.266135,13.0
2275,1.266135,13.0
2276,1.266135,13.0
2277,1.266135,13.0
2278,1.266135,13.0
2279,1.266135,13.0
2280,1.266135,13.0
2281,1.266135,13.0
2282,1.266135,13.0
2283,1.266135,13.0
2284,1.266135,13.0
2285,1.266135,13.0
2286,1.266135,13.0
2287,1.266135,13.0
2288,1.266135,13.0
2289,1.266135,13.0
2290,1.266135,13.0
2291,1.266135,13.0
2292,1.266135,13.0
2293,1.266135,13.0
2294,1.266135,13.0
2295,1.266135,13.0
2296,1.266135,13.0
2297,1.266135,13.0
2298,1.266135,13.0
2299,1.266135,13.0
2300,1.266135,13.0
2301,1.266135,13.0
2302,1.266135,13.0
2303,1.266135,13.0
2304,1.266135,13.0
2305,1.266135,13.0
2306,1.266135,13.0
2307,1.266135,13.0
2308,1.266135,13.0
2309,1.266135,13.0
2310,1.266135,13.0
2311,1.266135,13.0
2312,1.266135,13.0
2313,1.266135,13.0
2314,1.266135,13.0
2315,1.266135,13.0
2316,1.266135,13.0
2317,1.266135,13.0
2318,1.266135,13.0
2319,1.266135,13.0
2320,1.266135,13.0
2321,1.266135,13.0
2322,1.266135,13.0
2323,1.266135,13.0
2324,1.266135,13.0
2325,1.266135,13.0
2326,1.266135,13.0
2327,1.266135,13.0
2328,1.266135,13.0
2329,1.266135,13.0
2330,1.266135,13.0
2331,1.266135,13.0
2332,1.266135,13.0
2333,1.266135,13.0
2334,1.266135,13.0
2335,1.266135,13.0
2336,1.266135,13.0
2337,1.266135,13.0
2338,1.266135,13.0
2339,1.266135,13.0
2340,1.266135,13.0
2341,1.266135,13.0
2342,1.266135,13.0
2343,1.266135,13.0
2344,1.266135,13.0
2345,1.266135,13.0
2346,1.266135,13.0
2347,1.266135,13.0
2348,1.266135,13.0
2349,1.266135,13.0
2350,1.266135,13.0
2351,1.266135,13.0
2352,1.266135,13.0
2353,1.266135,13.0
2354,1.266135,13.0
2355,1.266135,13.0
2356,1.266135,13.0
2357,1.266135,13.0
2358,1.266135,13.0
2359,1.266135,13.0
2360,1.266135,13.0
2361,1.266135,13.0
2362,1.266135,13.0
2363,1.266135,13.0
2364,1.266135,13.0
2365,1.266135,13.0
2366,1.266135,13.0
2367,1.266135,13.0
2368,1.266135,13.0
2369,1.266135,13.0
2370,1.266135,13.0
2371,1.266135,13.0
2372,1.266135,13.0
2373,1.266135,13.0
2374,1.266135,13.0
2375,1.266135,13.0
2376,1.266135,13.0
2377,1.266135,13.0
2378,1.266135,13.0
2379,1.266135,13.0
2380,1.266135,13.0
2381,1.266135,13.0
2382,1.266135,13.0
2383,1.266135,13.0
2384,1.266135,13.0
2385,1.266135,13.0
2386,1.266135,13.0
2387,1.266135,13.0
2388,1.266135,13.0
2389,1.253474,13.0
2390,1.253474,13.0
2391,1.253474,13.0
2392,1.253474,13.0
2393,1.253474,13.0
2394,1.253474,13.0
2395,1.253474,13.0
2396,1.253474,13.0
2397,1.253474,13.0
2398,1.253474,13.0
2399,1.253474,13.0
2400,1.253474,13.0
2401,1.253474,13.0
2402,1.253474,13.0
2403,1.253474,13.0
2404,1.253474,13.0
2405,1.253474,13.0
2406,1.253474,13.0
2407,1.253474,13.0
2408,1.253474,13.0
2409,1.253474,13.0
2410,1.253474,13.0
2411,1.253474,13.0
2412,1.253474,13.0
2413,1.253474,13.0
2414,1.253474,13.0
2415,1.253474,13.0
2416,1.253474,13.0
2417,1.253474,13.0
2418,1.253474,13.0
2419,1.253474,13.0
2420,1.253474,13.0
2421,1.253474,13.0
2422,1.253474,13.0
2423,1.253474,13.0
2424,1.253474,13.0
2425,1.253474,13.0
2426,1.253474,13.0
2427,1.253474,13.0
2428,1.253474,13.0
2429,1.253474,13.0
2430,1.253474,13.0
2431,1.253474,13.0
2432,1.253474,13.0
2433,1.253474,13.0
2434,1.253474,13.0
2435,1.253474,13.0
2436,1.253474,13.0
2437,1.253474,13.0
2438,1.253474,13.0
2439,1.253474,13.0
2440,1.253474,13.0
2441,1.253474,13.0
2442,1.253474,13.0
2443,1.253474,13.0
2444,1.253474,13.0
2445,1.253474,13.0
2446,1.253474,13.0
2447,1.253474,13.0
2448,1.253474,13.0
2449,1.253474,13.0
2450,1.253474,13.0
2451,1.253474,13.0
2452,1.253474,13.0
2453,1.253474,13.0
2454,1.253474,13.0
2455,1.253474,13.0
2456,1.253474,13.0
2457,1.253474,13.0
2458,1.253474,13.0
2459,1.253474,13.0
2460,1.253474,13.0
2461,1.253474,13.0
2462,1.253474,13.0
2463,1.253474,13.0
2464,1.253474,13.0
2465,1.253474,13.0
2466,1.253474,13.0
2467,1.253474,13.0
2468,1.253474,13.0
2469,1.253474,13.0
2470,1.253474,13.0
2471,1.253474,13.0
2472,1.253474,13.0
2473,1.253474,13.0
2474,1.253474,13.0
2475,1.253474,13.0
2476,1.253474,13.0
2477,1.253474,13.0
2478,1.253474,13.0
2479,1.253474,13.0
2480,1.253474,13.0
2481,1.253474,13.0
2482,1.253474,13.0
2483,1.253474,13.0
2484,1.253474,13.0
2485,1.253474,13.0
2486,1.253474,13.0
2487,1.253474,13.0
2488,1.253474,13.0
2489,1.253474,13.0
2490,1.253474,13.0
2491,1.253474,13.0
2492,1.253474,13.0
2493,1.253474,13.0
2494,1.253474,13.0
2495,1.253474,13.0
2496,1.253474,13.0
2497,1.253474,13.0
2498,1.253474,13.0
2499,1.253474,13.0
2500,1.253474,13.0
2501,1.253474,13.0
2502,1.253474,13.0
2503,1.253474,13.0
2504,1.253474,13.0
2505,1.253474,13.0
2506,1.253474,13.0
2507,1.253474,13.0
2508,1.253474,13.0
2509,1.253474,13.0
2510,1.253474,13.0
2511,1.253474,13.0
2512,1.253474,13.0
2513,1.253474,13.0
2514,1.253474,13.0
2515,1.253474,13.0
2516,1.253474,13.0
2517,1.253474,13.0
2518,1.253474,13.0
2519,1.253474,13.0
2520,1.253474,13.0
2521,1.253474,13.0
2522,1.253474,13.0
2523,1.253474,13.0
2524,1.253474,13.0
2525,1.253474,13.0
2526,1.253474,13.0
2527,1.253474,13.0
2528,1.253474,13.0
2529,1.253474,13.0
2530,1.253474,13.0
2531,1.253474,13.0
2532,1.253474,13.0
2533,1.253474,13.0
2534,1.253474,13.0
2535,1.253474,13.0
2536,1.253474,13.0
2537,1.253474,13.0
2538,1.253474,13.0
2539,1.253474,13.0
2540,1.253474,13.0
2541,1.253474,13.0
2542,1.253474,13.0
2543,1.253474,13.0
2544,1.253474,13.0
2545,1.253474,13.0
2546,1.253474,13.0
2547,1.253474,13.0
2548,1.253474,13.0
2549,1.253474,13.0
2550,1.253474,13.0
2551,1.253474,13.0
2552,1.253474,13.0
2553,1.253474,13.0
2554,1.253474,13.0
2555,1.253474,13.0
2556,1.240939,13.0
2557,1.240939,13.0
2558,1.240939,13.0
2559,1.240939,13.0
2560,1.240939,13.0
2561,1.240939,13.0
2562,1.240939,13.0
2563,1.240939,13.0
2564,1.240939,13.0
2565,1.240939,13.0
2566,1.240939,13.0
2567,1.240939,13.0
2568,1.240939,13.0
2569,1.240939,13.0
2570,1.240939,13.0
2571,1.240939,13.0
2572,1.240939,13.0
2573,1.240939,13.0
2574,1.240939,13.0
2575,1.240939,13.0
2576,1.240939,13.0
2577,1.240939,13.0
2578,1.240939,13.0
2579,1.240939,13.0
2580,1.240939,13.0
2581,1.240939,13.0
2582,1.240939,13.0
2583,1.240939,13.0
2584,1.240939,13.0
2585,1.240939,13.0
2586,1.240939,13.0
2587,1.240939,13.0
2588,1.240939,13.0
2589,1.240939,13.0
2590,1.240939,13.0
2591,1.240939,13.0
2592,1.240939,13.0
2593,1.240939,13.0
2594,1.240939,13.0
2595,1.240939,13.0
2596,1.240939,13.0
2597,1.240939,13.0
2598,1.240939,13.0
2599,1.240939,13.0
2600,1.240939,13.0
2601,1.240939,13.0
2602,1.240939,13.0
2603,1.240939,13.0
2604,1.240939,13.0
2605,1.240939,13.0
2606,1.240939,13.0
2607,1.240939,13.0
2608,1.240939,13.0
2609,1.240939,13.0
2610,1.240939,13.0
2611,1.240939,13.0
2612,1.240939,13.0
2613,1.240939,13.0
2614,1.240939,13.0
2615,1.240939,13.0
2616,1.240939,13.0
2617,1.240939,13.0
2618,1.240939,13.0
2619,1.240939,13.0
2620,1.240939,13.0
2621,1.240939,13.0
2622,1.240939,13.0
2623,1.240939,13.0
2624,1.240939,13.0
2625,1.240939,13.0
2626,1.240939,13.0
2627,1.240939,13.0
2628,1.240939,13.0
2629,1.240939,13.0
2630,1.240939,13.0
2631,1.240939,13.0
2632,1.240939,13.0
2633,1.240939,13.0
2634,1.240939,13.0
2635,1.240939,13.0
2636,1.240939,13.0
2637,1.240939,13.0
2638,1.240939,13.0
2639,1.240939,13.0
2640,1.240939,13.0
2641,1.240939,13.0
2642,1.240939,13.0
2643,1.240939,13.0
2644,1.240939,13.0
2645,1.240939,13.0
2646,1.240939,13.0
2647,1.240939,13.0
2648,1.240939,13.0
2649,1.240939,13.0
2650,1.240939,13.0
2651,1.240939,13.0
2652,1.240939,13.0
2653,1.240939,13.0
2654,1.240939,13.0
2655,1.240939,13.0
2656,1.240939,13.0
2657,1.240939,13.0
2658,1.240939,13.0
2659,1.240939,13.0
2660,1.240939,13.0
2661,1.240939,13.0
2662,1.240939,13.0
2663,1.240939,13.0
2664,1.240939,13.0
2665,1.240939,13.0
2666,1.240939,13.0
2667,1.240939,13.0
2668,1.240939,13.0
2669,1.240939,13.0
2670,1.240939,13.0
2671,1.240939,13.0
2672,1.240939,13.0
2673,1.240939,13.0
2674,1.240939,13.0
2675,1.240939,13.0
2676,1.240939,13.0
2677,1.240939,13.0
2678,1.240939,13.0
2679,1.240939,13.0
2680,1.240939,13.0
2681,1.240939,13.0
2682,1.240939,13.0
2683,1.240939,13.0
2684,1.240939,13.0
2685,1.240939,13.0
2686,1.240939,13.0
2687,1.240939,13.0
2688,1.240939,13.0
2689,1.240939,13.0
2690,1.240939,13.0
2691,1.240939,13.0
2692,1.240939,13.0
2693,1.240939,13.0
2694,1.240939,13.0
2695,1.240939,13.0
2696,1.240939,13.0
2697,1.240939,13.0
2698,1.240939,13.0
2699,1.240939,13.0
2700,1.240939,13.0
2701,1.240939,13.0
2702,1.240939,13.0
2703,1.240939,13.0
2704,1.240939,13.0
2705,1.240939,13.0
2706,1.240939,13.0
2707,1.240939,13.0
2708,1.240939,13.0
2709,1.240939,13.0
2710,1.240939,13.0
2711,1.240939,13.0
2712,1.240939,13.0
2713,1.240939,13.0
2714,1.240939,13.0
2715,1.240939,13.0
2716,1.240939,13.0
2717,1.228529,13.0
2718,1.228529,13.0
2719,1.228529,13.0
2720,1.228529,13.0
2721,1.228529,13.0
2722,1.228529,13.0
2723,1.228529,13.0
2724,1.228529,13.0
2725,1.228529,13.0
2726,1.228529,13.0
2727,1.228529,13.0
2728,1.228529,13.0
2729,1.228529,13.0
2730,1.228529,13.0
2731,1.228529,13.0
2732,1.228529,13.0
2733,1.228529,13.0
2734,1.228529,13.0
2735,1.228529,13.0
2736,1.228529,13.0
2737,1.228529,13.0
2738,1.228529,13.0
2739,1.228529,13.0
2740,1.228529,13.0
2741,1.228529,13.0
2742,1.228529,13.0
2743,1.228529,13.0
2744,1.228529,13.0
2745,1.228529,13.0
2746,1.228529,13.0
2747,1.228529,13.0
2748,1.228529,13.0
2749,1.228529,13.0
2750,1.228529,13.0
2751,1.228529,13.0
2752,1.228529,13.0
2753,1.228529,13.0
2754,1.228529,13.0
2755,1.228529,13.0
2756,1.228529,13.0
2757,1.228529,13.0
2758,1.228529,13.0
2759,1.228529,13.0
2760,1.228529,13.0
2761,1.228529,13.0
2762,1.228529,13.0
2763,1.228529,13.0
2764,1.228529,13.0
2765,1.228529,13.0
2766,1.228529,13.0
2767,1.228529,13.0
2768,1.228529,13.0
2769,1.228529,13.0
2770,1.228529,13.0
2771,1.228529,13.0
2772,1.228529,13.0
2773,1.228529,13.0
2774,1.228529,13.0
2775,1.228529,13.0
2776,1.228529,13.0
2777,1.228529,13.0
2778,1.228529,13.0
2779,1.228529,13.0
2780,1.228529,13.0
2781,1.228529,13.0
2782,1.228529,13.0
2783,1.228529,13.0
2784,1.228529,13.0
2785,1.228529,13.0
2786,1.228529,13.0
2787,1.228529,13.0
2788,1.228529,13.0
2789,1.228529,13.0
2790,1.228529,13.0
2791,1.228529,13.0
2792,1.228529,13.0
2793,1.228529,13.0
2794,1.228529,13.0
2795,1.228529,13.0
2796,1.228529,13.0
2797,1.228529,13.0
2798,1.228529,13.0
2799,1.228529,13.0
2800,1.228529,13.0
2801,1.228529,13.0
2802,1.228529,13.0
2803,1.228529,13.0
2804,1.228529,13.0
2805,1.228529,13.0
2806,1.228529,13.0
2807,1.228529,13.0
2808,1.228529,13.0
2809,1.228529,13.0
2810,1.228529,13.0
2811,1.228529,13.0
2812,1.228529,13.0
2813,1.228529,13.0
2814,1.228529,13.0
2815,1.228529,13.0
2816,1.228529,13.0
2817,1.228529,13.0
2818,1.228529,13.0
2819,1.228529,13.0
2820,1.228529,13.0
2821,1.228529,13.0
2822,1.228529,13.0
2823,1.228529,13.0
2824,1.228529,13.0
2825,1.228529,13.0
2826,1.228529,13.0
2827,1.228529,13.0
2828,1.228529,13.0
2829,1.228529,13.0
2830,1.228529,13.0
2831,1.228529,13.0
2832,1.228529,13.0
2833,1.228529,13.0
2834,1.228529,13.0
2835,1.228529,13.0
2836,1.228529,13.0
2837,1.228529,13.0
2838,1.228529,13.0
2839,1.228529,13.0
2840,1.228529,13.0
2841,1.228529,13.0
2842,1.228529,13.0
2843,1.228529,13.0
2844,1.228529,13.0
2845,1.228529,13.0
2846,1.228529,13.0
2847,1.228529,13.0
2848,1.228529,13.0
2849,1.228529,13.0
2850,1.228529,13.0
2851,1.228529,13.0
2852,1.228529,13.0
2853,1.228529,13.0
2854,1.228529,13.0
2855,1.228529,13.0
2856,1.228529,13.0
2857,1.228529,13.0
2858,1.228529,13.0
2859,1.228529,13.0
2860,1.228529,13.0
2861,1.228529,13.0
2862,1.228529,13.0
2863,1.228529,13.0
2864,1.228529,13.0
2865,1.228529,13.0
2866,1.228529,13.0
2867,1.228529,13.0
2868,1.228529,13.0
2869,1.228529,13.0
2870,1.228529,13.0
2871,1.228529,13.0
2872,1.228529,13.0
2873,1.228529,13.0
2874,1.228529,13.0
2875,1.228529,13.0
2876,1.228529,13.0
2877,1.228529,13.0
2878,1.228529,13.0
2879,1.228529,13.0
2880,1.228529,13.0
2881,1.228529,13.0
2882,1.228529,13.0
2883,1.228529,13.0
2884,1.228529,13.0
2885,1.228529,13.0
2886,1.228529,13.0
2887,1.228529,13.0
2888,1.228529,13.0
2889,1.228529,13.0
2890,1.228529,13.0
2891,1.228529,13.0
2892,1.228529,13.0
2893,1.228529,13.0
2894,1.228529,13.0
2895,1.228529,13.0
2896,1.228529,13.0
2897,1.228529,13.0
2898,1.228529,13.0
2899,1.228529,13.0
2900,1.228529,13.0
2901,1.228529,13.0
2902,1.228529,13.0
2903,1.228529,13.0
2904,1.228529,13.0
2905,1.228529,13.0
2906,1.228529,13.0
2907,1.228529,13.0
2908,1.228529,13.0
2909,1.216244,13.0
2910,1.216244,13.0
2911,1.216244,13.0
2912,1.216244,13.0
2913,1.216244,13.0
2914,1.216244,13.0
2915,1.216244,13.0
2916,1.216244,13.0
2917,1.216244,13.0
2918,1.216244,13.0
2919,1.216244,13.0
2920,1.216244,13.0
2921,1.216244,13.0
2922,1.216244,13.0
2923,1.216244,13.0
2924,1.216244,13.0
2925,1.216244,13.0
2926,1.216244,13.0
2927,1.216244,13.0
2928,1.216244,13.0
2929,1.216244,13.0
2930,1.216244,13.0
2931,1.216244,13.0
2932,1.216244,13.0
2933,1.216244,13.0
2934,1.216244,13.0
2935,1.216244,13.0
2936,1.216244,13.0
2937,1.216244,13.0
2938,1.216244,13.0
2939,1.216244,13.0
2940,1.216244,13.0
2941,1.216244,13.0
2942,1.216244,13.0
2943,1.216244,13.0
2944,1.216244,13.0
2945,1.216244,13.0
2946,1.216244,13.0
2947,1.216244,13.0
2948,1.216244,13.0
2949,1.216244,13.0
2950,1.216244,13.0
2951,1.216244,13.0
2952,1.216244,13.0
2953,1.216244,13.0
2954,1.216244,13.0
2955,1.216244,13.0
2956,1.216244,13.0
2957,1.216244,13.0
2958,1.216244,13.0
2959,1.216244,13.0
2960,1.216244,13.0
2961,1.216244,13.0
2962,1.216244,13.0
2963,1.216244,13.0
2964,1.216244,13.0
2965,1.216244,13.0
2966,1.216244,13.0
2967,1.216244,13.0
2968,1.216244,13.0
2969,1.216244,13.0
2970,1.216244,13.0
2971,1.216244,13.0
2972,1.216244,13.0
2973,1.216244,13.0
2974,1.216244,13.0
2975,1.216244,13.0
2976,1.216244,13.0
2977,1.216244,13.0
2978,1.216244,13.0
2979,1.216244,13.0
2980,1.216244,13.0
2981,1.216244,13.0
2982,1.216244,13.0
2983,1.216244,13.0
2984,1.216244,13.0
2985,1.216244,13.0
2986,1.216244,13.0
2987,1.216244,13.0
2988,1.216244,13.0
2989,1.216244,13.0
2990,1.216244,13.0
2991,1.216244,13.0
2992,1.216244,13.0
2993,1.216244,13.0
2994,1.216244,13.0
2995,1.216244,13.0
2996,1.216244,13.0
2997,1.216244,13.0
2998,1.216244,13.0
2999,1.216244,13.0
3000,1.216244,13.0
3001,1.216244,13.0
3002,1.216244,13.0
3003,1.216244,13.0
3004,1.216244,13.0
3005,1.216244,13.0
3006,1.216244,13.0
3007,1.216244,13.0
3008,1.216244,13.0
3009,1.216244,13.0
3010,1.216244,13.0
3011,1.216244,13.0
3012,1.216244,13.0
3013,1.216244,13.0
3014,1.216244,13.0
3015,1.216244,13.0
3016,1.216244,13.0
3017,1.216244,13.0
3018,1.216244,13.0
3019,1.216244,13.0
3020,1.216244,13.0
3021,1.216244,13.0
3022,1.216244,13.0
3023,1.216244,13.0
3024,1.216244,13.0
3025,1.216244,13.0
3026,1.216244,13.0
3027,1.216244,13.0
3028,1.216244,13.0
3029,1.216244,13.0
3030,1.216244,13.0
3031,1.216244,13.0
3032,1.216244,13.0
3033,1.216244,13.0
3034,1.216244,13.0
3035,1.216244,13.0
3036,1.216244,13.0
3037,1.216244,13.0
3038,1.216244,13.0
3039,1.216244,13.0
3040,1.216244,13.0
3041,1.216244,13.0
3042,1.216244,13.0
3043,1.216244,13.0
3044,1.216244,13.0
3045,1.216244,13.0
3046,1.216244,13.0
3047,1.216244,13.0
3048,1.216244,13.0
3049,1.216244,13.0
3050,1.216244,13.0
3051,1.216244,13.0
3052,1.216244,13.0
3053,1.216244,13.0
3054,1.216244,13.0
3055,1.216244,13.0
3056,1.216244,13.0
3057,1.216244,13.0
3058,1.216244,13.0
3059,1.216244,13.0
3060,1.216244,13.0
3061,1.216244,13.0
3062,1.216244,13.0
3063,1.216244,13.0
3064,1.216244,13.0
3065,1.216244,13.0
3066,1.216244,13.0
3067,1.216244,13.0
3068,1.216244,13.0
3069,1.216244,13.0
3070,1.216244,13.0
3071,1.216244,13.0
3072,1.216244,13.0
3073,1.216244,13.0
3074,1.216244,13.0
3075,1.216244,13.0
3076,1.216244,13.0
3077,1.216244,13.0
3078,1.216244,13.0
3079,1.216244,13.0
3080,1.216244,13.0
3081,1.216244,13.0
3082,1.216244,13.0
3083,1.216244,13.0
3084,1.216244,13.0
3085,1.216244,13.0
3086,1.216244,13.0
3087,1.216244,13.0
3088,1.216244,13.0
3089,1.216244,13.0
3090,1.216244,13.0
3091,1.216244,13.0
3092,1.216244,13.0
3093,1.216244,13.0
3094,1.216244,13.0
3095,1.216244,13.0
3096,1.216244,13.0
3097,1.216244,13.0
3098,1.216244,13.0
3099,1.216244,13.0
3100,1.216244,13.0
3101,1.216244,13.0
3102,1.216244,13.0
3103,1.216244,13.0
3104,1.216244,13.0
3105,1.216244,13.0
3106,1.216244,13.0
3107,1.216244,13.0
3108,1.216244,13.0
3109,1.216244,13.0
3110,1.216244,13.0
3111,1.216244,13.0
3112,1.216244,13.0
3113,1.216244,13.0
3114,1.216244,13.0
3115,1.216244,13.0
3116,1.216244,13.0
3117,1.216244,13.0
3118,1.216244,13.0
3119,1.204082,13.0
3120,1.204082,13.0
3121,1.204082,13.0
3122,1.204082,13.0
3123,1.204082,13.0
3124,1.204082,13.0
3125,1.204082,13.0
3126,1.204082,13.0
3127,1.204082,13.0
3128,1.204082,13.0
3129,1.204082,13.0
3130,1.204082,13.0
3131,1.204082,13.0
3132,1.204082,13.0
3133,1.204082,13.0
3134,1.204082,13.0
3135,1.204082,13.0
3136,1.204082,13.0
3137,1.204082,13.0
3138,1.204082,13.0
3139,1.204082,13.0
3140,1.204082,13.0
3141,1.204082,13.0
3142,1.204082,13.0
3143,1.204082,13.0
3144,1.204082,13.0
3145,1.204082,13.0
3146,1.204082,13.0
3147,1.204082,13.0
3148,1.204082,13.0
3149,1.204082,13.0
3150,1.204082,13.0
3151,1.204082,13.0
3152,1.204082,13.0
3153,1.204082,13.0
3154,1.204082,13.0
3155,1.204082,13.0
3156,1.204082,13.0
3157,1.204082,13.0
3158,1.204082,13.0
3159,1.204082,13.0
3160,1.204082,13.0
3161,1.204082,13.0
3162,1.204082,13.0
3163,1.204082,13.0
3164,1.204082,13.0
3165,1.204082,13.0
3166,1.204082,13.0
3167,1.204082,13.0
3168,1.204082,13.0
3169,1.204082,13.0
3170,1.204082,13.0
3171,1.204082,13.0
3172,1.204082,13.0
3173,1.204082,13.0
3174,1.204082,13.0
3175,1.204082,13.0
3176,1.204082,13.0
3177,1.204082,13.0
3178,1.204082,13.0
3179,1.204082,13.0
3180,1.204082,13.0
3181,1.204082,13.0
3182,1.204082,13.0
3183,1.204082,13.0
3184,1.204082,13.0
3185,1.204082,13.0
3186,1.204082,13.0
3187,1.204082,13.0
3188,1.204082,13.0
3189,1.204082,13.0
3190,1.204082,13.0
3191,1.204082,13.0
3192,1.204082,13.0
3193,1.204082,13.0
3194,1.204082,13.0
3195,1.204082,13.0
3196,1.204082,13.0
3197,1.204082,13.0
3198,1.204082,13.0
3199,1.204082,13.0
3200,1.204082,13.0
3201,1.204082,13.0
3202,1.204082,13.0
3203,1.204082,13.0
3204,1.204082,13.0
3205,1.204082,13.0
3206,1.204082,13.0
3207,1.204082,13.0
3208,1.204082,13.0
3209,1.204082,13.0
3210,1.204082,13.0
3211,1.204082,13.0
3212,1.204082,13.0
3213,1.204082,13.0
3214,1.204082,13.0
3215,1.204082,13.0
3216,1.204082,13.0
3217,1.204082,13.0
3218,1.204082,13.0
3219,1.204082,13.0
3220,1.204082,13.0
3221,1.204082,13.0
3222,1.204082,13.0
3223,1.204082,13.0
3224,1.204082,13.0
3225,1.204082,13.0
3226,1.204082,13.0
3227,1.204082,13.0
3228,1.204082,13.0
3229,1.204082,13.0
3230,1.204082,13.0
3231,1.204082,13.0
3232,1.204082,13.0
3233,1.204082,13.0
3234,1.204082,13.0
3235,1.204082,13.0
3236,1.204082,13.0
3237,1.204082,13.0
3238,1.204082,13.0
3239,1.204082,13.0
3240,1.204082,13.0
3241,1.204082,13.0
3242,1.204082,13.0
3243,1.204082,13.0
3244,1.204082,13.0
3245,1.204082,13.0
3246,1.204082,13.0
3247,1.204082,13.0
3248,1.204082,13.0
3249,1.204082,13.0
3250,1.204082,13.0
3251,1.204082,13.0
3252,1.204082,13.0
3253,1.204082,13.0
3254,1.204082,13.0
3255,1.204082,13.0
3256,1.204082,13.0
3257,1.204082,13.0
3258,1.204082,13.0
3259,1.204082,13.0
3260,1.204082,13.0
3261,1.204082,13.0
3262,1.204082,13.0
3263,1.192041,13.0
3264,1.192041,13.0
3265,1.192041,13.0
3266,1.192041,13.0
3267,1.192041,13.0
3268,1.192041,13.0
3269,1.192041,13.0
3270,1.192041,13.0
3271,1.192041,13.0
3272,1.192041,13.0
3273,1.192041,13.0
3274,1.192041,13.0
3275,1.192041,13.0
3276,1.192041,13.0
3277,1.192041,13.0
3278,1.192041,13.0
3279,1.192041,13.0
3280,1.192041,13.0
3281,1.192041,13.0
3282,1.192041,13.0
3283,1.192041,13.0
3284,1.192041,13.0
3285,1.192041,13.0
3286,1.192041,13.0
3287,1.192041,13.0
3288,1.192041,13.0
3289,1.192041,13.0
3290,1.192041,13.0
3291,1.192041,13.0
3292,1.192041,13.0
3293,1.192041,13.0
3294,1.192041,13.0
3295,1.192041,13.0
3296,1.192041,13.0
3297,1.192041,13.0
3298,1.192041,13.0
3299,1.192041,13.0
3300,1.192041,13.0
3301,1.192041,13.0
3302,1.192041,13.0
3303,1.192041,13.0
3304,1.192041,13.0
3305,1.192041,13.0
3306,1.192041,13.0
3307,1.192041,13.0
3308,1.192041,13.0
3309,1.192041,13.0
3310,1.192041,13.0
3311,1.192041,13.0
3312,1.192041,13.0
3313,1.192041,13.0
3314,1.192041,13.0
3315,1.192041,13.0
3316,1.192041,13.0
3317,1.192041,13.0
3318,1.192041,13.0
3319,1.192041,13.0
3320,1.192041,13.0
3321,1.192041,13.0
3322,1.192041,13.0
3323,1.192041,13.0
3324,1.192041,13.0
3325,1.192041,13.0
3326,1.192041,13.0
3327,1.192041,13.0
3328,1.192041,13.0
3329,1.192041,13.0
3330,1.192041,13.0
3331,1.192041,13.0
3332,1.192041,13.0
3333,1.192041,13.0
3334,1.192041,13.0
3335,1.192041,13.0
3336,1.192041,13.0
3337,1.192041,13.0
3338,1.192041,13.0
3339,1.192041,13.0
3340,1.192041,13.0
3341,1.192041,13.0
3342,1.192041,13.0
3343,1.192041,13.0
3344,1.192041,13.0
3345,1.192041,13.0
3346,1.192041,13.0
3347,1.192041,13.0
3348,1.192041,13.0
3349,1.192041,13.0
3350,1.192041,13.0
3351,1.192041,13.0
3352,1.192041,13.0
3353,1.192041,13.0
3354,1.192041,13.0
3355,1.192041,13.0
3356,1.192041,13.0
3357,1.192041,13.0
3358,1.192041,13.0
3359,1.192041,13.0
3360,1.192041,13.0
3361,1.192041,13.0
3362,1.192041,13.0
3363,1.192041,13.0
3364,1.192041,13.0
3365,1.192041,13.0
3366,1.192041,13.0
3367,1.192041,13.0
3368,1.192041,13.0
3369,1.192041,13.0
3370,1.192041,13.0
3371,1.192041,13.0
3372,1.192041,13.0
3373,1.192041,13.0
3374,1.192041,13.0
3375,1.192041,13.0
3376,1.192041,13.0
3377,1.192041,13.0
3378,1.192041,13.0
3379,1.192041,13.0
3380,1.192041,13.0
3381,1.192041,13.0
3382,1.192041,13.0
3383,1.192041,13.0
3384,1.192041,13.0
3385,1.192041,13.0
3386,1.192041,13.0
3387,1.192041,13.0
3388,1.192041,13.0
3389,1.192041,13.0
3390,1.192041,13.0
3391,1.192041,13.0
3392,1.192041,13.0
3393,1.192041,13.0
3394,1.192041,13.0
3395,1.192041,13.0
3396,1.192041,13.0
3397,1.192041,13.0
3398,1.192041,13.0
3399,1.192041,13.0
3400,1.192041,13.0
3401,1.192041,13.0
3402,1.192041,13.0
3403,1.192041,13.0
3404,1.192041,13.0
3405,1.192041,13.0
3406,1.192041,13.0
3407,1.192041,13.0
3408,1.192041,13.0
3409,1.192041,13.0
3410,1.192041,13.0
3411,1.192041,13.0
3412,1.192041,13.0
3413,1.192041,13.0
3414,1.192041,13.0
3415,1.192041,13.0
3416,1.192041,13.0
3417,1.192041,13.0
3418,1.192041,13.0
3419,1.192041,13.0
3420,1.192041,13.0
3421,1.192041,13.0
3422,1.192041,13.0
3423,1.192041,13.0
3424,1.192041,13.0
3425,1.192041,13.0
3426,1.192041,13.0
3427,1.192041,13.0
3428,1.192041,13.0
3429,1.192041,13.0
3430,1.192041,13.0
3431,1.192041,13.0
3432,1.192041,13.0
3433,1.192041,13.0
3434,1.192041,13.0
3435,1.192041,13.0
3436,1.192041,13.0
3437,1.192041,13.0
3438,1.180120,13.0
3439,1.180120,13.0
3440,1.180120,13.0
3441,1.180120,13.0
3442,1.180120,13.0
3443,1.180120,13.0
3444,1.180120,13.0
3445,1.180120,13.0
3446,1.180120,13.0
3447,1.180120,13.0
3448,1.180120,13.0
3449,1.180120,13.0
3450,1.180120,13.0
3451,1.180120,13.0
3452,1.180120,13.0
3453,1.180120,13.0
3454,1.180120,13.0
3455,1.180120,13.0
3456,1.180120,13.0
3457,1.180120,13.0
3458,1.180120,13.0
3459,1.180120,13.0
3460,1.180120,13.0
3461,1.180120,13.0
3462,1.180120,13.0
3463,1.180120,13.0
3464,1.180120,13.0
3465,1.180120,13.0
3466,1.180120,13.0
3467,1.180120,13.0
3468,1.180120,13.0
3469,1.180120,13.0
3470,1.180120,13.0
3471,1.180120,13.0
3472,1.180120,13.0
3473,1.180120,13.0
3474,1.180120,13.0
3475,1.180120,13.0
3476,1.180120,13.0
3477,1.180120,13.0
3478,1.180120,13.0
3479,1.180120,13.0
3480,1.180120,13.0
3481,1.180120,13.0
3482,1.180120,13.0
3483,1.180120,13.0
3484,1.180120,13.0
3485,1.180120,13.0
3486,1.180120,13.0
3487,1.180120,13.0
3488,1.180120,13.0
3489,1.180120,13.0
3490,1.180120,13.0
3491,1.180120,13.0
3492,1.180120,13.0
3493,1.180120,13.0
3494,1.180120,13.0
3495,1.180120,13.0
3496,1.180120,13.0
3497,1.180120,13.0
3498,1.180120,13.0
3499,1.180120,13.0
3500,1.180120,13.0
3501,1.180120,13.0
3502,1.180120,13.0
3503,1.180120,13.0
3504,1.180120,13.0
3505,1.180120,13.0
3506,1.180120,13.0
3507,1.180120,13.0
3508,1.180120,13.0
3509,1.180120,13.0
3510,1.180120,13.0
3511,1.180120,13.0
3512,1.180120,13.0
3513,1.180120,13.0
3514,1.180120,13.0
3515,1.180120,13.0
3516,1.180120,13.0
3517,1.180120,13.0
3518,1.180120,13.0
3519,1.180120,13.0
3520,1.180120,13.0
3521,1.180120,13.0
3522,1.180120,13.0
3523,1.180120,13.0
3524,1.180120,13.0
3525,1.180120,13.0
3526,1.180120,13.0
3527,1.180120,13.0
3528,1.180120,13.0
3529,1.180120,13.0
3530,1.180120,13.0
3531,1.180120,13.0
3532,1.180120,13.0
3533,1.180120,13.0
3534,1.180120,13.0
3535,1.180120,13.0
3536,1.180120,13.0
3537,1.180120,13.0
3538,1.180120,13.0
3539,1.180120,13.0
3540,1.180120,13.0
3541,1.180120,13.0
3542,1.180120,13.0
3543,1.180120,13.0
3544,1.180120,13.0
3545,1.180120,13.0
3546,1.180120,13.0
3547,1.180120,13.0
3548,1.180120,13.0
3549,1.180120,13.0
3550,1.180120,13.0
3551,1.180120,13.0
3552,1.180120,13.0
3553,1.180120,13.0
3554,1.180120,13.0
3555,1.180120,13.0
3556,1.180120,13.0
3557,1.180120,13.0
3558,1.180120,13.0
3559,1.180120,13.0
3560,1.180120,13.0
3561,1.180120,13.0
3562,1.180120,13.0
3563,1.180120,13.0
3564,1.180120,13.0
3565,1.180120,13.0
3566,1.180120,13.0
3567,1.180120,13.0
3568,1.180120,13.0
3569,1.180120,13.0
3570,1.180120,13.0
3571,1.180120,13.0
3572,1.180120,13.0
3573,1.180120,13.0
3574,1.180120,13.0
3575,1.180120,13.0
3576,1.180120,13.0
3577,1.180120,13.0
3578,1.180120,13.0
3579,1.180120,13.0
3580,1.180120,13.0
3581,1.180120,13.0
3582,1.180120,13.0
3583,1.180120,13.0
3584,1.180120,13.0
3585,1.180120,13.0
3586,1.180120,13.0
3587,1.180120,13.0
3588,1.180120,13.0
3589,1.180120,13.0
3590,1.180120,13.0
3591,1.180120,13.0
3592,1.180120,13.0
3593,1.180120,13.0
3594,1.180120,13.0
3595,1.180120,13.0
3596,1.180120,13.0
3597,1.180120,13.0
3598,1.180120,13.0
3599,1.168319,13.0
3600,1.168319,13.0
3601,1.168319,13.0
3602,1.168319,13.0
3603,1.168319,13.0
3604,1.168319,13.0
3605,1.168319,13.0
3606,1.168319,13.0
3607,1.168319,13.0
3608,1.168319,13.0
3609,1.168319,13.0
3610,1.168319,13.0
3611,1.168319,13.0
3612,1.168319,13.0
3613,1.168319,13.0
3614,1.168319,13.0
3615,1.168319,13.0
3616,1.168319,13.0
3617,1.168319,13.0
3618,1.168319,13.0
3619,1.168319,13.0
3620,1.168319,13.0
3621,1.168319,13.0
3622,1.168319,13.0
3623,1.168319,13.0
3624,1.168319,13.0
3625,1.168319,13.0
3626,1.168319,13.0
3627,1.168319,13.0
3628,1.168319,13.0
3629,1.168319,13.0
3630,1.168319,13.0
3631,1.168319,13.0
3632,1.168319,13.0
3633,1.168319,13.0
3634,1.168319,13.0
3635,1.168319,13.0
3636,1.168319,13.0
3637,1.168319,13.0
3638,1.168319,13.0
3639,1.168319,13.0
3640,1.168319,13.0
3641,1.168319,13.0
3642,1.168319,13.0
3643,1.168319,13.0
3644,1.168319,13.0
3645,1.168319,13.0
3646,1.168319,13.0
3647,1.168319,13.0
3648,1.168319,13.0
3649,1.168319,13.0
3650,1.168319,13.0
3651,1.168319,13.0
3652,1.168319,13.0
3653,1.168319,13.0
3654,1.168319,13.0
3655,1.168319,13.0
3656,1.168319,13.0
3657,1.168319,13.0
3658,1.168319,13.0
3659,1.168319,13.0
3660,1.168319,13.0
3661,1.168319,13.0
3662,1.168319,13.0
3663,1.168319,13.0
3664,1.168319,13.0
3665,1.168319,13.0
3666,1.168319,13.0
3667,1.168319,13.0
3668,1.168319,13.0
3669,1.168319,13.0
3670,1.168319,13.0
3671,1.168319,13.0
3672,1.168319,13.0
3673,1.168319,13.0
3674,1.168319,13.0
3675,1.168319,13.0
3676,1.168319,13.0
3677,1.168319,13.0
3678,1.168319,13.0
3679,1.168319,13.0
3680,1.168319,13.0
3681,1.168319,13.0
3682,1.168319,13.0
3683,1.168319,13.0
3684,1.168319,13.0
3685,1.168319,13.0
3686,1.168319,13.0
3687,1.168319,13.0
3688,1.168319,13.0
3689,1.168319,13.0
3690,1.168319,13.0
3691,1.168319,13.0
3692,1.168319,13.0
3693,1.168319,13.0
3694,1.168319,13.0
3695,1.168319,13.0
3696,1.168319,13.0
3697,1.168319,13.0
3698,1.168319,13.0
3699,1.168319,13.0
3700,1.168319,13.0
3701,1.168319,13.0
3702,1.168319,13.0
3703,1.168319,13.0
3704,1.168319,13.0
3705,1.168319,13.0
3706,1.168319,13.0
3707,1.168319,13.0
3708,1.168319,13.0
3709,1.168319,13.0
3710,1.168319,13.0
3711,1.168319,13.0
3712,1.168319,13.0
3713,1.168319,13.0
3714,1.168319,13.0
3715,1.168319,13.0
3716,1.168319,13.0
3717,1.168319,13.0
3718,1.168319,13.0
3719,1.168319,13.0
3720,1.168319,13.0
3721,1.168319,13.0
3722,1.168319,13.0
3723,1.168319,13.0
3724,1.168319,13.0
3725,1.168319,13.0
3726,1.168319,13.0
3727,1.168319,13.0
3728,1.168319,13.0
3729,1.168319,13.0
3730,1.168319,13.0
3731,1.168319,13.0
3732,1.168319,13.0
3733,1.168319,13.0
3734,1.168319,13.0
3735,1.168319,13.0
3736,1.168319,13.0
3737,1.168319,13.0
3738,1.168319,13.0
3739,1.168319,13.0
3740,1.168319,13.0
3741,1.168319,13.0
3742,1.168319,13.0
3743,1.168319,13.0
3744,1.168319,13.0
3745,1.168319,13.0
3746,1.168319,13.0
3747,1.168319,13.0
3748,1.168319,13.0
3749,1.168319,13.0
3750,1.168319,13.0
3751,1.168319,13.0
3752,1.168319,13.0
3753,1.168319,13.0
3754,1.168319,13.0
3755,1.168319,13.0
3756,1.168319,13.0
3757,1.168319,13.0
3758,1.168319,13.0
3759,1.168319,13.0
3760,1.168319,13.0
3761,1.168319,13.0
3762,1.168319,13.0
3763,1.156636,13.0
3764,1.156636,13.0
3765,1.156636,13.0
3766,1.156636,13.0
3767,1.156636,13.0
3768,1.156636,13.0
3769,1.156636,13.0
3770,1.156636,13.0
3771,1.156636,13.0
3772,1.156636,13.0
3773,1.156636,13.0
3774,1.156636,13.0
3775,1.156636,13.0
3776,1.156636,13.0
3777,1.156636,13.0
3778,1.156636,13.0
3779,1.156636,13.0
3780,1.156636,13.0
3781,1.156636,13.0
3782,1.156636,13.0
3783,1.156636,13.0
3784,1.156636,13.0
3785,1.156636,13.0
3786,1.156636,13.0
3787,1.156636,13.0
3788,1.156636,13.0
3789,1.156636,13.0
3790,1.156636,13.0
3791,1.156636,13.0
3792,1.156636,13.0
3793,1.156636,13.0
3794,1.156636,13.0
3795,1.156636,13.0
3796,1.156636,13.0
3797,1.156636,13.0
3798,1.156636,13.0
3799,1.156636,13.0
3800,1.156636,13.0
3801,1.156636,13.0
3802,1.156636,13.0
3803,1.156636,13.0
3804,1.156636,13.0
3805,1.156636,13.0
3806,1.156636,13.0
3807,1.156636,13.0
3808,1.156636,13.0
3809,1.156636,13.0
3810,1.156636,13.0
3811,1.156636,13.0
3812,1.156636,13.0
3813,1.156636,13.0
3814,1.156636,13.0
3815,1.156636,13.0
3816,1.156636,13.0
3817,1.156636,13.0
3818,1.156636,13.0
3819,1.156636,13.0
3820,1.156636,13.0
3821,1.156636,13.0
3822,1.156636,13.0
3823,1.156636,13.0
3824,1.156636,13.0
3825,1.156636,13.0
3826,1.156636,13.0
3827,1.156636,13.0
3828,1.156636,13.0
3829,1.156636,13.0
3830,1.156636,13.0
3831,1.156636,13.0
3832,1.156636,13.0
3833,1.156636,13.0
3834,1.156636,13.0
3835,1.156636,13.0
3836,1.156636,13.0
3837,1.156636,13.0
3838,1.156636,13.0
3839,1.156636,13.0
3840,1.156636,13.0
3841,1.156636,13.0
3842,1.156636,13.0
3843,1.156636,13.0
3844,1.156636,13.0
3845,1.156636,13.0
3846,1.156636,13.0
3847,1.156636,13.0
3848,1.156636,13.0
3849,1.156636,13.0
3850,1.156636,13.0
3851,1.156636,13.0
3852,1.156636,13.0
3853,1.156636,13.0
3854,1.156636,13.0
3855,1.156636,13.0
3856,1.156636,13.0
3857,1.156636,13.0
3858,1.156636,13.0
3859,1.156636,13.0
3860,1.156636,13.0
3861,1.156636,13.0
3862,1.156636,13.0
3863,1.156636,13.0
3864,1.156636,13.0
3865,1.156636,13.0
3866,1.156636,13.0
3867,1.156636,13.0
3868,1.156636,13.0
3869,1.156636,13.0
3870,1.156636,13.0
3871,1.156636,13.0
3872,1.156636,13.0
3873,1.156636,13.0
3874,1.156636,13.0
3875,1.156636,13.0
3876,1.156636,13.0
3877,1.156636,13.0
3878,1.156636,13.0
3879,1.156636,13.0
3880,1.156636,13.0
3881,1.156636,13.0
3882,1.156636,13.0
3883,1.156636,13.0
3884,1.156636,13.0
3885,1.156636,13.0
3886,1.156636,13.0
3887,1.156636,13.0
3888,1.156636,13.0
3889,1.156636,13.0
3890,1.156636,13.0
3891,1.156636,13.0
3892,1.156636,13.0
3893,1.156636,13.0
3894,1.156636,13.0
3895,1.156636,13.0
3896,1.156636,13.0
3897,1.156636,13.0
3898,1.156636,13.0
3899,1.156636,13.0
3900,1.156636,13.0
3901,1.156636,13.0
3902,1.156636,13.0
3903,1.156636,13.0
3904,1.156636,13.0
3905,1.156636,13.0
3906,1.156636,13.0
3907,1.156636,13.0
3908,1.156636,13.0
3909,1.156636,13.0
3910,1.156636,13.0
3911,1.156636,13.0
3912,1.156636,13.0
3913,1.156636,13.0
3914,1.156636,13.0
